"Path Folder","Name","Jenis","Ukuran (KB)"
".\.build-outputs",".build-outputs","Folder"," 0"
".\.gradle",".gradle","Folder"," 0"
".\.kotlin",".kotlin","Folder"," 0"
".\.vscode",".vscode","Folder"," 0"
".\app","app","Folder"," 0"
".\assets","assets","Folder"," 0"
".\build","build","Folder"," 0"
".\gradle","gradle","Folder"," 0"
".\SmartSanyo_ESP8266","SmartSanyo_ESP8266","Folder"," 0"
".\.env.example",".env.example","File","0.25"
".\.gitignore",".gitignore","File","0.26"
".\build.gradle.kts","build.gradle.kts","File","0.42"
".\code.gs","code.gs","File","6.44"
".\debug.keystore","debug.keystore","File","2.71"
".\debug.keystore.base64","debug.keystore.base64","File","3.47"
".\gradle.properties","gradle.properties","File","1.41"
".\gradlew","gradlew","File","8.42"
".\gradlew.bat","gradlew.bat","File","2.83"
".\metadata.json","metadata.json","File","0.24"
".\README.md","README.md","File","0.92"
".\run.ps1","run.ps1","File","3.46"
".\settings.gradle.kts","settings.gradle.kts","File","0.57"
".\struktur_project.csv","struktur_project.csv","File","0"
".\.build-outputs\app-debug.apk","app-debug.apk","File","11261.28"
".\.gradle\8.6","8.6","Folder"," 0"
".\.gradle\8.9","8.9","Folder"," 0"
".\.gradle\9.3.1","9.3.1","Folder"," 0"
".\.gradle\buildOutputCleanup","buildOutputCleanup","Folder"," 0"
".\.gradle\configuration-cache","configuration-cache","Folder"," 0"
".\.gradle\vcs-1","vcs-1","Folder"," 0"
".\.gradle\file-system.probe","file-system.probe","File","0.01"
".\.gradle\8.6\checksums","checksums","Folder"," 0"
".\.gradle\8.6\dependencies-accessors","dependencies-accessors","Folder"," 0"
".\.gradle\8.6\executionHistory","executionHistory","Folder"," 0"
".\.gradle\8.6\fileChanges","fileChanges","Folder"," 0"
".\.gradle\8.6\fileHashes","fileHashes","Folder"," 0"
".\.gradle\8.6\vcsMetadata","vcsMetadata","Folder"," 0"
".\.gradle\8.6\gc.properties","gc.properties","File","0"
".\.gradle\8.6\checksums\checksums.lock","checksums.lock","File","0.02"
".\.gradle\8.6\checksums\sha1-checksums.bin","sha1-checksums.bin","File","18.38"
".\.gradle\8.6\dependencies-accessors\dc6990cf0d085f844a6896569312cb2ba1ab72f6","dc6990cf0d085f844a6896569312cb2ba1ab72f6","Folder"," 0"
".\.gradle\8.6\dependencies-accessors\gc.properties","gc.properties","File","0"
".\.gradle\8.6\dependencies-accessors\dc6990cf0d085f844a6896569312cb2ba1ab72f6\classes","classes","Folder"," 0"
".\.gradle\8.6\dependencies-accessors\dc6990cf0d085f844a6896569312cb2ba1ab72f6\sources","sources","Folder"," 0"
".\.gradle\8.6\dependencies-accessors\dc6990cf0d085f844a6896569312cb2ba1ab72f6\metadata.bin","metadata.bin","File","0.08"
".\.gradle\8.6\dependencies-accessors\dc6990cf0d085f844a6896569312cb2ba1ab72f6\classes\org","org","Folder"," 0"
".\.gradle\8.6\dependencies-accessors\dc6990cf0d085f844a6896569312cb2ba1ab72f6\classes\org\gradle","gradle","Folder"," 0"
".\.gradle\8.6\dependencies-accessors\dc6990cf0d085f844a6896569312cb2ba1ab72f6\classes\org\gradle\accessors","accessors","Folder"," 0"
".\.gradle\8.6\dependencies-accessors\dc6990cf0d085f844a6896569312cb2ba1ab72f6\classes\org\gradle\accessors\dm","dm","Folder"," 0"
".\.gradle\8.6\dependencies-accessors\dc6990cf0d085f844a6896569312cb2ba1ab72f6\classes\org\gradle\accessors\dm\LibrariesForLibs$AccompanistLibraryAccessors.class","LibrariesForLibs$AccompanistLibraryAccessors.class","File","0.91"
".\.gradle\8.6\dependencies-accessors\dc6990cf0d085f844a6896569312cb2ba1ab72f6\classes\org\gradle\accessors\dm\LibrariesForLibs$AndroidPluginAccessors.class","LibrariesForLibs$AndroidPluginAccessors.class","File","0.9"
".\.gradle\8.6\dependencies-accessors\dc6990cf0d085f844a6896569312cb2ba1ab72f6\classes\org\gradle\accessors\dm\LibrariesForLibs$AndroidxActivityLibraryAccessors.class","LibrariesForLibs$AndroidxActivityLibraryAccessors.class","File","0.92"
".\.gradle\8.6\dependencies-accessors\dc6990cf0d085f844a6896569312cb2ba1ab72f6\classes\org\gradle\accessors\dm\LibrariesForLibs$AndroidxCameraLibraryAccessors.class","LibrariesForLibs$AndroidxCameraLibraryAccessors.class","File","1.18"
".\.gradle\8.6\dependencies-accessors\dc6990cf0d085f844a6896569312cb2ba1ab72f6\classes\org\gradle\accessors\dm\LibrariesForLibs$AndroidxComposeLibraryAccessors.class","LibrariesForLibs$AndroidxComposeLibraryAccessors.class","File","1.95"
".\.gradle\8.6\dependencies-accessors\dc6990cf0d085f844a6896569312cb2ba1ab72f6\classes\org\gradle\accessors\dm\LibrariesForLibs$AndroidxComposeMaterialIconsLibraryAccessors.class","LibrariesForLibs$AndroidxComposeMaterialIconsLibraryAccessors.class","File","1.06"
".\.gradle\8.6\dependencies-accessors\dc6990cf0d085f844a6896569312cb2ba1ab72f6\classes\org\gradle\accessors\dm\LibrariesForLibs$AndroidxComposeMaterialLibraryAccessors.class","LibrariesForLibs$AndroidxComposeMaterialLibraryAccessors.class","File","1.17"
".\.gradle\8.6\dependencies-accessors\dc6990cf0d085f844a6896569312cb2ba1ab72f6\classes\org\gradle\accessors\dm\LibrariesForLibs$AndroidxComposeUiLibraryAccessors.class","LibrariesForLibs$AndroidxComposeUiLibraryAccessors.class","File","2.18"
".\.gradle\8.6\dependencies-accessors\dc6990cf0d085f844a6896569312cb2ba1ab72f6\classes\org\gradle\accessors\dm\LibrariesForLibs$AndroidxComposeUiTestLibraryAccessors.class","LibrariesForLibs$AndroidxComposeUiTestLibraryAccessors.class","File","1.03"
".\.gradle\8.6\dependencies-accessors\dc6990cf0d085f844a6896569312cb2ba1ab72f6\classes\org\gradle\accessors\dm\LibrariesForLibs$AndroidxComposeUiToolingLibraryAccessors.class","LibrariesForLibs$AndroidxComposeUiToolingLibraryAccessors.class","File","1.24"
".\.gradle\8.6\dependencies-accessors\dc6990cf0d085f844a6896569312cb2ba1ab72f6\classes\org\gradle\accessors\dm\LibrariesForLibs$AndroidxCoreLibraryAccessors.class","LibrariesForLibs$AndroidxCoreLibraryAccessors.class","File","1.18"
".\.gradle\8.6\dependencies-accessors\dc6990cf0d085f844a6896569312cb2ba1ab72f6\classes\org\gradle\accessors\dm\LibrariesForLibs$AndroidxDatastoreLibraryAccessors.class","LibrariesForLibs$AndroidxDatastoreLibraryAccessors.class","File","0.93"
".\.gradle\8.6\dependencies-accessors\dc6990cf0d085f844a6896569312cb2ba1ab72f6\classes\org\gradle\accessors\dm\LibrariesForLibs$AndroidxEspressoLibraryAccessors.class","LibrariesForLibs$AndroidxEspressoLibraryAccessors.class","File","0.91"
".\.gradle\8.6\dependencies-accessors\dc6990cf0d085f844a6896569312cb2ba1ab72f6\classes\org\gradle\accessors\dm\LibrariesForLibs$AndroidxLibraryAccessors.class","LibrariesForLibs$AndroidxLibraryAccessors.class","File","4.72"
".\.gradle\8.6\dependencies-accessors\dc6990cf0d085f844a6896569312cb2ba1ab72f6\classes\org\gradle\accessors\dm\LibrariesForLibs$AndroidxLifecycleLibraryAccessors.class","LibrariesForLibs$AndroidxLifecycleLibraryAccessors.class","File","1.6"
".\.gradle\8.6\dependencies-accessors\dc6990cf0d085f844a6896569312cb2ba1ab72f6\classes\org\gradle\accessors\dm\LibrariesForLibs$AndroidxLifecycleRuntimeLibraryAccessors.class","LibrariesForLibs$AndroidxLifecycleRuntimeLibraryAccessors.class","File","1.04"
".\.gradle\8.6\dependencies-accessors\dc6990cf0d085f844a6896569312cb2ba1ab72f6\classes\org\gradle\accessors\dm\LibrariesForLibs$AndroidxLifecycleViewmodelLibraryAccessors.class","LibrariesForLibs$AndroidxLifecycleViewmodelLibraryAccessors.class","File","0.95"
".\.gradle\8.6\dependencies-accessors\dc6990cf0d085f844a6896569312cb2ba1ab72f6\classes\org\gradle\accessors\dm\LibrariesForLibs$AndroidxNavigationLibraryAccessors.class","LibrariesForLibs$AndroidxNavigationLibraryAccessors.class","File","0.92"
".\.gradle\8.6\dependencies-accessors\dc6990cf0d085f844a6896569312cb2ba1ab72f6\classes\org\gradle\accessors\dm\LibrariesForLibs$AndroidxRoomLibraryAccessors.class","LibrariesForLibs$AndroidxRoomLibraryAccessors.class","File","1.08"
".\.gradle\8.6\dependencies-accessors\dc6990cf0d085f844a6896569312cb2ba1ab72f6\classes\org\gradle\accessors\dm\LibrariesForLibs$BundleAccessors.class","LibrariesForLibs$BundleAccessors.class","File","0.75"
".\.gradle\8.6\dependencies-accessors\dc6990cf0d085f844a6896569312cb2ba1ab72f6\classes\org\gradle\accessors\dm\LibrariesForLibs$CoilLibraryAccessors.class","LibrariesForLibs$CoilLibraryAccessors.class","File","0.88"
".\.gradle\8.6\dependencies-accessors\dc6990cf0d085f844a6896569312cb2ba1ab72f6\classes\org\gradle\accessors\dm\LibrariesForLibs$ConverterLibraryAccessors.class","LibrariesForLibs$ConverterLibraryAccessors.class","File","0.89"
".\.gradle\8.6\dependencies-accessors\dc6990cf0d085f844a6896569312cb2ba1ab72f6\classes\org\gradle\accessors\dm\LibrariesForLibs$FirebaseLibraryAccessors.class","LibrariesForLibs$FirebaseLibraryAccessors.class","File","0.96"
".\.gradle\8.6\dependencies-accessors\dc6990cf0d085f844a6896569312cb2ba1ab72f6\classes\org\gradle\accessors\dm\LibrariesForLibs$GoogleDevtoolsPluginAccessors.class","LibrariesForLibs$GoogleDevtoolsPluginAccessors.class","File","0.9"
".\.gradle\8.6\dependencies-accessors\dc6990cf0d085f844a6896569312cb2ba1ab72f6\classes\org\gradle\accessors\dm\LibrariesForLibs$GooglePluginAccessors.class","LibrariesForLibs$GooglePluginAccessors.class","File","1.14"
".\.gradle\8.6\dependencies-accessors\dc6990cf0d085f844a6896569312cb2ba1ab72f6\classes\org\gradle\accessors\dm\LibrariesForLibs$KotlinPluginAccessors.class","LibrariesForLibs$KotlinPluginAccessors.class","File","0.89"
".\.gradle\8.6\dependencies-accessors\dc6990cf0d085f844a6896569312cb2ba1ab72f6\classes\org\gradle\accessors\dm\LibrariesForLibs$KotlinxCoroutinesLibraryAccessors.class","LibrariesForLibs$KotlinxCoroutinesLibraryAccessors.class","File","1.1"
".\.gradle\8.6\dependencies-accessors\dc6990cf0d085f844a6896569312cb2ba1ab72f6\classes\org\gradle\accessors\dm\LibrariesForLibs$KotlinxLibraryAccessors.class","LibrariesForLibs$KotlinxLibraryAccessors.class","File","1.09"
".\.gradle\8.6\dependencies-accessors\dc6990cf0d085f844a6896569312cb2ba1ab72f6\classes\org\gradle\accessors\dm\LibrariesForLibs$LoggingLibraryAccessors.class","LibrariesForLibs$LoggingLibraryAccessors.class","File","0.9"
".\.gradle\8.6\dependencies-accessors\dc6990cf0d085f844a6896569312cb2ba1ab72f6\classes\org\gradle\accessors\dm\LibrariesForLibs$MoshiKotlinLibraryAccessors.class","LibrariesForLibs$MoshiKotlinLibraryAccessors.class","File","1.18"
".\.gradle\8.6\dependencies-accessors\dc6990cf0d085f844a6896569312cb2ba1ab72f6\classes\org\gradle\accessors\dm\LibrariesForLibs$MoshiLibraryAccessors.class","LibrariesForLibs$MoshiLibraryAccessors.class","File","1.05"
".\.gradle\8.6\dependencies-accessors\dc6990cf0d085f844a6896569312cb2ba1ab72f6\classes\org\gradle\accessors\dm\LibrariesForLibs$PlayLibraryAccessors.class","LibrariesForLibs$PlayLibraryAccessors.class","File","1.06"
".\.gradle\8.6\dependencies-accessors\dc6990cf0d085f844a6896569312cb2ba1ab72f6\classes\org\gradle\accessors\dm\LibrariesForLibs$PlayServicesLibraryAccessors.class","LibrariesForLibs$PlayServicesLibraryAccessors.class","File","0.91"
".\.gradle\8.6\dependencies-accessors\dc6990cf0d085f844a6896569312cb2ba1ab72f6\classes\org\gradle\accessors\dm\LibrariesForLibs$PluginAccessors.class","LibrariesForLibs$PluginAccessors.class","File","2.18"
".\.gradle\8.6\dependencies-accessors\dc6990cf0d085f844a6896569312cb2ba1ab72f6\classes\org\gradle\accessors\dm\LibrariesForLibs$RoborazziJunitLibraryAccessors.class","LibrariesForLibs$RoborazziJunitLibraryAccessors.class","File","0.9"
".\.gradle\8.6\dependencies-accessors\dc6990cf0d085f844a6896569312cb2ba1ab72f6\classes\org\gradle\accessors\dm\LibrariesForLibs$RoborazziLibraryAccessors.class","LibrariesForLibs$RoborazziLibraryAccessors.class","File","1.66"
".\.gradle\8.6\dependencies-accessors\dc6990cf0d085f844a6896569312cb2ba1ab72f6\classes\org\gradle\accessors\dm\LibrariesForLibs$VersionAccessors.class","LibrariesForLibs$VersionAccessors.class","File","4.27"
".\.gradle\8.6\dependencies-accessors\dc6990cf0d085f844a6896569312cb2ba1ab72f6\classes\org\gradle\accessors\dm\LibrariesForLibs.class","LibrariesForLibs.class","File","9.68"
".\.gradle\8.6\dependencies-accessors\dc6990cf0d085f844a6896569312cb2ba1ab72f6\classes\org\gradle\accessors\dm\LibrariesForLibsInPluginsBlock$AccompanistLibraryAccessors.class","LibrariesForLibsInPluginsBlock$AccompanistLibraryAccessors.class","File","2.18"
".\.gradle\8.6\dependencies-accessors\dc6990cf0d085f844a6896569312cb2ba1ab72f6\classes\org\gradle\accessors\dm\LibrariesForLibsInPluginsBlock$AndroidPluginAccessors.class","LibrariesForLibsInPluginsBlock$AndroidPluginAccessors.class","File","0.94"
".\.gradle\8.6\dependencies-accessors\dc6990cf0d085f844a6896569312cb2ba1ab72f6\classes\org\gradle\accessors\dm\LibrariesForLibsInPluginsBlock$AndroidxActivityLibraryAccessors.class","LibrariesForLibsInPluginsBlock$AndroidxActivityLibraryAccessors.class","File","2.19"
".\.gradle\8.6\dependencies-accessors\dc6990cf0d085f844a6896569312cb2ba1ab72f6\classes\org\gradle\accessors\dm\LibrariesForLibsInPluginsBlock$AndroidxCameraLibraryAccessors.class","LibrariesForLibsInPluginsBlock$AndroidxCameraLibraryAccessors.class","File","2.6"
".\.gradle\8.6\dependencies-accessors\dc6990cf0d085f844a6896569312cb2ba1ab72f6\classes\org\gradle\accessors\dm\LibrariesForLibsInPluginsBlock$AndroidxComposeLibraryAccessors.class","LibrariesForLibsInPluginsBlock$AndroidxComposeLibraryAccessors.class","File","3.45"
".\.gradle\8.6\dependencies-accessors\dc6990cf0d085f844a6896569312cb2ba1ab72f6\classes\org\gradle\accessors\dm\LibrariesForLibsInPluginsBlock$AndroidxComposeMaterialIconsLibraryAccessors.class","LibrariesForLibsInPluginsBlock$AndroidxComposeMaterialIconsLibraryAccessors.class","File","2.38"
".\.gradle\8.6\dependencies-accessors\dc6990cf0d085f844a6896569312cb2ba1ab72f6\classes\org\gradle\accessors\dm\LibrariesForLibsInPluginsBlock$AndroidxComposeMaterialLibraryAccessors.class","LibrariesForLibsInPluginsBlock$AndroidxComposeMaterialLibraryAccessors.class","File","2.48"
".\.gradle\8.6\dependencies-accessors\dc6990cf0d085f844a6896569312cb2ba1ab72f6\classes\org\gradle\accessors\dm\LibrariesForLibsInPluginsBlock$AndroidxComposeUiLibraryAccessors.class","LibrariesForLibsInPluginsBlock$AndroidxComposeUiLibraryAccessors.class","File","3.68"
".\.gradle\8.6\dependencies-accessors\dc6990cf0d085f844a6896569312cb2ba1ab72f6\classes\org\gradle\accessors\dm\LibrariesForLibsInPluginsBlock$AndroidxComposeUiTestLibraryAccessors.class","LibrariesForLibsInPluginsBlock$AndroidxComposeUiTestLibraryAccessors.class","File","2.35"
".\.gradle\8.6\dependencies-accessors\dc6990cf0d085f844a6896569312cb2ba1ab72f6\classes\org\gradle\accessors\dm\LibrariesForLibsInPluginsBlock$AndroidxComposeUiToolingLibraryAccessors.class","LibrariesForLibsInPluginsBlock$AndroidxComposeUiToolingLibraryAccessors.class","File","2.56"
".\.gradle\8.6\dependencies-accessors\dc6990cf0d085f844a6896569312cb2ba1ab72f6\classes\org\gradle\accessors\dm\LibrariesForLibsInPluginsBlock$AndroidxCoreLibraryAccessors.class","LibrariesForLibsInPluginsBlock$AndroidxCoreLibraryAccessors.class","File","2.5"
".\.gradle\8.6\dependencies-accessors\dc6990cf0d085f844a6896569312cb2ba1ab72f6\classes\org\gradle\accessors\dm\LibrariesForLibsInPluginsBlock$AndroidxDatastoreLibraryAccessors.class","LibrariesForLibsInPluginsBlock$AndroidxDatastoreLibraryAccessors.class","File","2.2"
".\.gradle\8.6\dependencies-accessors\dc6990cf0d085f844a6896569312cb2ba1ab72f6\classes\org\gradle\accessors\dm\LibrariesForLibsInPluginsBlock$AndroidxEspressoLibraryAccessors.class","LibrariesForLibsInPluginsBlock$AndroidxEspressoLibraryAccessors.class","File","2.18"
".\.gradle\8.6\dependencies-accessors\dc6990cf0d085f844a6896569312cb2ba1ab72f6\classes\org\gradle\accessors\dm\LibrariesForLibsInPluginsBlock$AndroidxLibraryAccessors.class","LibrariesForLibsInPluginsBlock$AndroidxLibraryAccessors.class","File","6.86"
".\.gradle\8.6\dependencies-accessors\dc6990cf0d085f844a6896569312cb2ba1ab72f6\classes\org\gradle\accessors\dm\LibrariesForLibsInPluginsBlock$AndroidxLifecycleLibraryAccessors.class","LibrariesForLibsInPluginsBlock$AndroidxLifecycleLibraryAccessors.class","File","3"
".\.gradle\8.6\dependencies-accessors\dc6990cf0d085f844a6896569312cb2ba1ab72f6\classes\org\gradle\accessors\dm\LibrariesForLibsInPluginsBlock$AndroidxLifecycleRuntimeLibraryAccessors.class","LibrariesForLibsInPluginsBlock$AndroidxLifecycleRuntimeLibraryAccessors.class","File","2.36"
".\.gradle\8.6\dependencies-accessors\dc6990cf0d085f844a6896569312cb2ba1ab72f6\classes\org\gradle\accessors\dm\LibrariesForLibsInPluginsBlock$AndroidxLifecycleViewmodelLibraryAccessors.class","LibrariesForLibsInPluginsBlock$AndroidxLifecycleViewmodelLibraryAccessors.class","File","2.22"
".\.gradle\8.6\dependencies-accessors\dc6990cf0d085f844a6896569312cb2ba1ab72f6\classes\org\gradle\accessors\dm\LibrariesForLibsInPluginsBlock$AndroidxNavigationLibraryAccessors.class","LibrariesForLibsInPluginsBlock$AndroidxNavigationLibraryAccessors.class","File","2.19"
".\.gradle\8.6\dependencies-accessors\dc6990cf0d085f844a6896569312cb2ba1ab72f6\classes\org\gradle\accessors\dm\LibrariesForLibsInPluginsBlock$AndroidxRoomLibraryAccessors.class","LibrariesForLibsInPluginsBlock$AndroidxRoomLibraryAccessors.class","File","2.45"
".\.gradle\8.6\dependencies-accessors\dc6990cf0d085f844a6896569312cb2ba1ab72f6\classes\org\gradle\accessors\dm\LibrariesForLibsInPluginsBlock$BundleAccessors.class","LibrariesForLibsInPluginsBlock$BundleAccessors.class","File","0.87"
".\.gradle\8.6\dependencies-accessors\dc6990cf0d085f844a6896569312cb2ba1ab72f6\classes\org\gradle\accessors\dm\LibrariesForLibsInPluginsBlock$CoilLibraryAccessors.class","LibrariesForLibsInPluginsBlock$CoilLibraryAccessors.class","File","2.15"
".\.gradle\8.6\dependencies-accessors\dc6990cf0d085f844a6896569312cb2ba1ab72f6\classes\org\gradle\accessors\dm\LibrariesForLibsInPluginsBlock$ConverterLibraryAccessors.class","LibrariesForLibsInPluginsBlock$ConverterLibraryAccessors.class","File","2.16"
".\.gradle\8.6\dependencies-accessors\dc6990cf0d085f844a6896569312cb2ba1ab72f6\classes\org\gradle\accessors\dm\LibrariesForLibsInPluginsBlock$FirebaseLibraryAccessors.class","LibrariesForLibsInPluginsBlock$FirebaseLibraryAccessors.class","File","2.28"
".\.gradle\8.6\dependencies-accessors\dc6990cf0d085f844a6896569312cb2ba1ab72f6\classes\org\gradle\accessors\dm\LibrariesForLibsInPluginsBlock$GoogleDevtoolsPluginAccessors.class","LibrariesForLibsInPluginsBlock$GoogleDevtoolsPluginAccessors.class","File","0.95"
".\.gradle\8.6\dependencies-accessors\dc6990cf0d085f844a6896569312cb2ba1ab72f6\classes\org\gradle\accessors\dm\LibrariesForLibsInPluginsBlock$GooglePluginAccessors.class","LibrariesForLibsInPluginsBlock$GooglePluginAccessors.class","File","1.22"
".\.gradle\8.6\dependencies-accessors\dc6990cf0d085f844a6896569312cb2ba1ab72f6\classes\org\gradle\accessors\dm\LibrariesForLibsInPluginsBlock$KotlinPluginAccessors.class","LibrariesForLibsInPluginsBlock$KotlinPluginAccessors.class","File","0.93"
".\.gradle\8.6\dependencies-accessors\dc6990cf0d085f844a6896569312cb2ba1ab72f6\classes\org\gradle\accessors\dm\LibrariesForLibsInPluginsBlock$KotlinxCoroutinesLibraryAccessors.class","LibrariesForLibsInPluginsBlock$KotlinxCoroutinesLibraryAccessors.class","File","2.47"
".\.gradle\8.6\dependencies-accessors\dc6990cf0d085f844a6896569312cb2ba1ab72f6\classes\org\gradle\accessors\dm\LibrariesForLibsInPluginsBlock$KotlinxLibraryAccessors.class","LibrariesForLibsInPluginsBlock$KotlinxLibraryAccessors.class","File","2.4"
".\.gradle\8.6\dependencies-accessors\dc6990cf0d085f844a6896569312cb2ba1ab72f6\classes\org\gradle\accessors\dm\LibrariesForLibsInPluginsBlock$LoggingLibraryAccessors.class","LibrariesForLibsInPluginsBlock$LoggingLibraryAccessors.class","File","2.17"
".\.gradle\8.6\dependencies-accessors\dc6990cf0d085f844a6896569312cb2ba1ab72f6\classes\org\gradle\accessors\dm\LibrariesForLibsInPluginsBlock$MoshiKotlinLibraryAccessors.class","LibrariesForLibsInPluginsBlock$MoshiKotlinLibraryAccessors.class","File","2.5"
".\.gradle\8.6\dependencies-accessors\dc6990cf0d085f844a6896569312cb2ba1ab72f6\classes\org\gradle\accessors\dm\LibrariesForLibsInPluginsBlock$MoshiLibraryAccessors.class","LibrariesForLibsInPluginsBlock$MoshiLibraryAccessors.class","File","2.36"
".\.gradle\8.6\dependencies-accessors\dc6990cf0d085f844a6896569312cb2ba1ab72f6\classes\org\gradle\accessors\dm\LibrariesForLibsInPluginsBlock$PlayLibraryAccessors.class","LibrariesForLibsInPluginsBlock$PlayLibraryAccessors.class","File","2.37"
".\.gradle\8.6\dependencies-accessors\dc6990cf0d085f844a6896569312cb2ba1ab72f6\classes\org\gradle\accessors\dm\LibrariesForLibsInPluginsBlock$PlayServicesLibraryAccessors.class","LibrariesForLibsInPluginsBlock$PlayServicesLibraryAccessors.class","File","2.18"
".\.gradle\8.6\dependencies-accessors\dc6990cf0d085f844a6896569312cb2ba1ab72f6\classes\org\gradle\accessors\dm\LibrariesForLibsInPluginsBlock$PluginAccessors.class","LibrariesForLibsInPluginsBlock$PluginAccessors.class","File","2.34"
".\.gradle\8.6\dependencies-accessors\dc6990cf0d085f844a6896569312cb2ba1ab72f6\classes\org\gradle\accessors\dm\LibrariesForLibsInPluginsBlock$RoborazziJunitLibraryAccessors.class","LibrariesForLibsInPluginsBlock$RoborazziJunitLibraryAccessors.class","File","2.17"
".\.gradle\8.6\dependencies-accessors\dc6990cf0d085f844a6896569312cb2ba1ab72f6\classes\org\gradle\accessors\dm\LibrariesForLibsInPluginsBlock$RoborazziLibraryAccessors.class","LibrariesForLibsInPluginsBlock$RoborazziLibraryAccessors.class","File","3.07"
".\.gradle\8.6\dependencies-accessors\dc6990cf0d085f844a6896569312cb2ba1ab72f6\classes\org\gradle\accessors\dm\LibrariesForLibsInPluginsBlock$VersionAccessors.class","LibrariesForLibsInPluginsBlock$VersionAccessors.class","File","4.31"
".\.gradle\8.6\dependencies-accessors\dc6990cf0d085f844a6896569312cb2ba1ab72f6\classes\org\gradle\accessors\dm\LibrariesForLibsInPluginsBlock.class","LibrariesForLibsInPluginsBlock.class","File","12.45"
".\.gradle\8.6\dependencies-accessors\dc6990cf0d085f844a6896569312cb2ba1ab72f6\sources\org","org","Folder"," 0"
".\.gradle\8.6\dependencies-accessors\dc6990cf0d085f844a6896569312cb2ba1ab72f6\sources\org\gradle","gradle","Folder"," 0"
".\.gradle\8.6\dependencies-accessors\dc6990cf0d085f844a6896569312cb2ba1ab72f6\sources\org\gradle\accessors","accessors","Folder"," 0"
".\.gradle\8.6\dependencies-accessors\dc6990cf0d085f844a6896569312cb2ba1ab72f6\sources\org\gradle\accessors\dm","dm","Folder"," 0"
".\.gradle\8.6\dependencies-accessors\dc6990cf0d085f844a6896569312cb2ba1ab72f6\sources\org\gradle\accessors\dm\LibrariesForLibs.java","LibrariesForLibs.java","File","58.78"
".\.gradle\8.6\dependencies-accessors\dc6990cf0d085f844a6896569312cb2ba1ab72f6\sources\org\gradle\accessors\dm\LibrariesForLibsInPluginsBlock.java","LibrariesForLibsInPluginsBlock.java","File","94.54"
".\.gradle\8.6\executionHistory\executionHistory.bin","executionHistory.bin","File","19.16"
".\.gradle\8.6\executionHistory\executionHistory.lock","executionHistory.lock","File","0.02"
".\.gradle\8.6\fileChanges\last-build.bin","last-build.bin","File","0"
".\.gradle\8.6\fileHashes\fileHashes.bin","fileHashes.bin","File","26.27"
".\.gradle\8.6\fileHashes\fileHashes.lock","fileHashes.lock","File","0.02"
".\.gradle\8.6\fileHashes\resourceHashesCache.bin","resourceHashesCache.bin","File","20.59"
".\.gradle\8.9\checksums","checksums","Folder"," 0"
".\.gradle\8.9\dependencies-accessors","dependencies-accessors","Folder"," 0"
".\.gradle\8.9\expanded","expanded","Folder"," 0"
".\.gradle\8.9\fileChanges","fileChanges","Folder"," 0"
".\.gradle\8.9\fileHashes","fileHashes","Folder"," 0"
".\.gradle\8.9\vcsMetadata","vcsMetadata","Folder"," 0"
".\.gradle\8.9\gc.properties","gc.properties","File","0"
".\.gradle\8.9\checksums\checksums.lock","checksums.lock","File","0.02"
".\.gradle\8.9\dependencies-accessors\dc6990cf0d085f844a6896569312cb2ba1ab72f6","dc6990cf0d085f844a6896569312cb2ba1ab72f6","Folder"," 0"
".\.gradle\8.9\dependencies-accessors\gc.properties","gc.properties","File","0"
".\.gradle\8.9\dependencies-accessors\dc6990cf0d085f844a6896569312cb2ba1ab72f6\classes","classes","Folder"," 0"
".\.gradle\8.9\dependencies-accessors\dc6990cf0d085f844a6896569312cb2ba1ab72f6\sources","sources","Folder"," 0"
".\.gradle\8.9\dependencies-accessors\dc6990cf0d085f844a6896569312cb2ba1ab72f6\metadata.bin","metadata.bin","File","0.1"
".\.gradle\8.9\dependencies-accessors\dc6990cf0d085f844a6896569312cb2ba1ab72f6\classes\org","org","Folder"," 0"
".\.gradle\8.9\dependencies-accessors\dc6990cf0d085f844a6896569312cb2ba1ab72f6\classes\org\gradle","gradle","Folder"," 0"
".\.gradle\8.9\dependencies-accessors\dc6990cf0d085f844a6896569312cb2ba1ab72f6\classes\org\gradle\accessors","accessors","Folder"," 0"
".\.gradle\8.9\dependencies-accessors\dc6990cf0d085f844a6896569312cb2ba1ab72f6\classes\org\gradle\accessors\dm","dm","Folder"," 0"
".\.gradle\8.9\dependencies-accessors\dc6990cf0d085f844a6896569312cb2ba1ab72f6\classes\org\gradle\accessors\dm\LibrariesForLibs$AccompanistLibraryAccessors.class","LibrariesForLibs$AccompanistLibraryAccessors.class","File","0.91"
".\.gradle\8.9\dependencies-accessors\dc6990cf0d085f844a6896569312cb2ba1ab72f6\classes\org\gradle\accessors\dm\LibrariesForLibs$AndroidPluginAccessors.class","LibrariesForLibs$AndroidPluginAccessors.class","File","0.9"
".\.gradle\8.9\dependencies-accessors\dc6990cf0d085f844a6896569312cb2ba1ab72f6\classes\org\gradle\accessors\dm\LibrariesForLibs$AndroidxActivityLibraryAccessors.class","LibrariesForLibs$AndroidxActivityLibraryAccessors.class","File","0.92"
".\.gradle\8.9\dependencies-accessors\dc6990cf0d085f844a6896569312cb2ba1ab72f6\classes\org\gradle\accessors\dm\LibrariesForLibs$AndroidxCameraLibraryAccessors.class","LibrariesForLibs$AndroidxCameraLibraryAccessors.class","File","1.18"
".\.gradle\8.9\dependencies-accessors\dc6990cf0d085f844a6896569312cb2ba1ab72f6\classes\org\gradle\accessors\dm\LibrariesForLibs$AndroidxComposeLibraryAccessors.class","LibrariesForLibs$AndroidxComposeLibraryAccessors.class","File","1.95"
".\.gradle\8.9\dependencies-accessors\dc6990cf0d085f844a6896569312cb2ba1ab72f6\classes\org\gradle\accessors\dm\LibrariesForLibs$AndroidxComposeMaterialIconsLibraryAccessors.class","LibrariesForLibs$AndroidxComposeMaterialIconsLibraryAccessors.class","File","1.06"
".\.gradle\8.9\dependencies-accessors\dc6990cf0d085f844a6896569312cb2ba1ab72f6\classes\org\gradle\accessors\dm\LibrariesForLibs$AndroidxComposeMaterialLibraryAccessors.class","LibrariesForLibs$AndroidxComposeMaterialLibraryAccessors.class","File","1.17"
".\.gradle\8.9\dependencies-accessors\dc6990cf0d085f844a6896569312cb2ba1ab72f6\classes\org\gradle\accessors\dm\LibrariesForLibs$AndroidxComposeUiLibraryAccessors.class","LibrariesForLibs$AndroidxComposeUiLibraryAccessors.class","File","2.18"
".\.gradle\8.9\dependencies-accessors\dc6990cf0d085f844a6896569312cb2ba1ab72f6\classes\org\gradle\accessors\dm\LibrariesForLibs$AndroidxComposeUiTestLibraryAccessors.class","LibrariesForLibs$AndroidxComposeUiTestLibraryAccessors.class","File","1.03"
".\.gradle\8.9\dependencies-accessors\dc6990cf0d085f844a6896569312cb2ba1ab72f6\classes\org\gradle\accessors\dm\LibrariesForLibs$AndroidxComposeUiToolingLibraryAccessors.class","LibrariesForLibs$AndroidxComposeUiToolingLibraryAccessors.class","File","1.24"
".\.gradle\8.9\dependencies-accessors\dc6990cf0d085f844a6896569312cb2ba1ab72f6\classes\org\gradle\accessors\dm\LibrariesForLibs$AndroidxCoreLibraryAccessors.class","LibrariesForLibs$AndroidxCoreLibraryAccessors.class","File","1.18"
".\.gradle\8.9\dependencies-accessors\dc6990cf0d085f844a6896569312cb2ba1ab72f6\classes\org\gradle\accessors\dm\LibrariesForLibs$AndroidxDatastoreLibraryAccessors.class","LibrariesForLibs$AndroidxDatastoreLibraryAccessors.class","File","0.93"
".\.gradle\8.9\dependencies-accessors\dc6990cf0d085f844a6896569312cb2ba1ab72f6\classes\org\gradle\accessors\dm\LibrariesForLibs$AndroidxEspressoLibraryAccessors.class","LibrariesForLibs$AndroidxEspressoLibraryAccessors.class","File","0.91"
".\.gradle\8.9\dependencies-accessors\dc6990cf0d085f844a6896569312cb2ba1ab72f6\classes\org\gradle\accessors\dm\LibrariesForLibs$AndroidxLibraryAccessors.class","LibrariesForLibs$AndroidxLibraryAccessors.class","File","4.72"
".\.gradle\8.9\dependencies-accessors\dc6990cf0d085f844a6896569312cb2ba1ab72f6\classes\org\gradle\accessors\dm\LibrariesForLibs$AndroidxLifecycleLibraryAccessors.class","LibrariesForLibs$AndroidxLifecycleLibraryAccessors.class","File","1.6"
".\.gradle\8.9\dependencies-accessors\dc6990cf0d085f844a6896569312cb2ba1ab72f6\classes\org\gradle\accessors\dm\LibrariesForLibs$AndroidxLifecycleRuntimeLibraryAccessors.class","LibrariesForLibs$AndroidxLifecycleRuntimeLibraryAccessors.class","File","1.04"
".\.gradle\8.9\dependencies-accessors\dc6990cf0d085f844a6896569312cb2ba1ab72f6\classes\org\gradle\accessors\dm\LibrariesForLibs$AndroidxLifecycleViewmodelLibraryAccessors.class","LibrariesForLibs$AndroidxLifecycleViewmodelLibraryAccessors.class","File","0.95"
".\.gradle\8.9\dependencies-accessors\dc6990cf0d085f844a6896569312cb2ba1ab72f6\classes\org\gradle\accessors\dm\LibrariesForLibs$AndroidxNavigationLibraryAccessors.class","LibrariesForLibs$AndroidxNavigationLibraryAccessors.class","File","0.92"
".\.gradle\8.9\dependencies-accessors\dc6990cf0d085f844a6896569312cb2ba1ab72f6\classes\org\gradle\accessors\dm\LibrariesForLibs$AndroidxRoomLibraryAccessors.class","LibrariesForLibs$AndroidxRoomLibraryAccessors.class","File","1.08"
".\.gradle\8.9\dependencies-accessors\dc6990cf0d085f844a6896569312cb2ba1ab72f6\classes\org\gradle\accessors\dm\LibrariesForLibs$BundleAccessors.class","LibrariesForLibs$BundleAccessors.class","File","0.75"
".\.gradle\8.9\dependencies-accessors\dc6990cf0d085f844a6896569312cb2ba1ab72f6\classes\org\gradle\accessors\dm\LibrariesForLibs$CoilLibraryAccessors.class","LibrariesForLibs$CoilLibraryAccessors.class","File","0.88"
".\.gradle\8.9\dependencies-accessors\dc6990cf0d085f844a6896569312cb2ba1ab72f6\classes\org\gradle\accessors\dm\LibrariesForLibs$ConverterLibraryAccessors.class","LibrariesForLibs$ConverterLibraryAccessors.class","File","0.89"
".\.gradle\8.9\dependencies-accessors\dc6990cf0d085f844a6896569312cb2ba1ab72f6\classes\org\gradle\accessors\dm\LibrariesForLibs$FirebaseLibraryAccessors.class","LibrariesForLibs$FirebaseLibraryAccessors.class","File","0.96"
".\.gradle\8.9\dependencies-accessors\dc6990cf0d085f844a6896569312cb2ba1ab72f6\classes\org\gradle\accessors\dm\LibrariesForLibs$GoogleDevtoolsPluginAccessors.class","LibrariesForLibs$GoogleDevtoolsPluginAccessors.class","File","0.9"
".\.gradle\8.9\dependencies-accessors\dc6990cf0d085f844a6896569312cb2ba1ab72f6\classes\org\gradle\accessors\dm\LibrariesForLibs$GooglePluginAccessors.class","LibrariesForLibs$GooglePluginAccessors.class","File","1.14"
".\.gradle\8.9\dependencies-accessors\dc6990cf0d085f844a6896569312cb2ba1ab72f6\classes\org\gradle\accessors\dm\LibrariesForLibs$KotlinPluginAccessors.class","LibrariesForLibs$KotlinPluginAccessors.class","File","0.89"
".\.gradle\8.9\dependencies-accessors\dc6990cf0d085f844a6896569312cb2ba1ab72f6\classes\org\gradle\accessors\dm\LibrariesForLibs$KotlinxCoroutinesLibraryAccessors.class","LibrariesForLibs$KotlinxCoroutinesLibraryAccessors.class","File","1.1"
".\.gradle\8.9\dependencies-accessors\dc6990cf0d085f844a6896569312cb2ba1ab72f6\classes\org\gradle\accessors\dm\LibrariesForLibs$KotlinxLibraryAccessors.class","LibrariesForLibs$KotlinxLibraryAccessors.class","File","1.09"
".\.gradle\8.9\dependencies-accessors\dc6990cf0d085f844a6896569312cb2ba1ab72f6\classes\org\gradle\accessors\dm\LibrariesForLibs$LoggingLibraryAccessors.class","LibrariesForLibs$LoggingLibraryAccessors.class","File","0.9"
".\.gradle\8.9\dependencies-accessors\dc6990cf0d085f844a6896569312cb2ba1ab72f6\classes\org\gradle\accessors\dm\LibrariesForLibs$MoshiKotlinLibraryAccessors.class","LibrariesForLibs$MoshiKotlinLibraryAccessors.class","File","1.18"
".\.gradle\8.9\dependencies-accessors\dc6990cf0d085f844a6896569312cb2ba1ab72f6\classes\org\gradle\accessors\dm\LibrariesForLibs$MoshiLibraryAccessors.class","LibrariesForLibs$MoshiLibraryAccessors.class","File","1.05"
".\.gradle\8.9\dependencies-accessors\dc6990cf0d085f844a6896569312cb2ba1ab72f6\classes\org\gradle\accessors\dm\LibrariesForLibs$PlayLibraryAccessors.class","LibrariesForLibs$PlayLibraryAccessors.class","File","1.06"
".\.gradle\8.9\dependencies-accessors\dc6990cf0d085f844a6896569312cb2ba1ab72f6\classes\org\gradle\accessors\dm\LibrariesForLibs$PlayServicesLibraryAccessors.class","LibrariesForLibs$PlayServicesLibraryAccessors.class","File","0.91"
".\.gradle\8.9\dependencies-accessors\dc6990cf0d085f844a6896569312cb2ba1ab72f6\classes\org\gradle\accessors\dm\LibrariesForLibs$PluginAccessors.class","LibrariesForLibs$PluginAccessors.class","File","2.18"
".\.gradle\8.9\dependencies-accessors\dc6990cf0d085f844a6896569312cb2ba1ab72f6\classes\org\gradle\accessors\dm\LibrariesForLibs$RoborazziJunitLibraryAccessors.class","LibrariesForLibs$RoborazziJunitLibraryAccessors.class","File","0.9"
".\.gradle\8.9\dependencies-accessors\dc6990cf0d085f844a6896569312cb2ba1ab72f6\classes\org\gradle\accessors\dm\LibrariesForLibs$RoborazziLibraryAccessors.class","LibrariesForLibs$RoborazziLibraryAccessors.class","File","1.66"
".\.gradle\8.9\dependencies-accessors\dc6990cf0d085f844a6896569312cb2ba1ab72f6\classes\org\gradle\accessors\dm\LibrariesForLibs$VersionAccessors.class","LibrariesForLibs$VersionAccessors.class","File","4.27"
".\.gradle\8.9\dependencies-accessors\dc6990cf0d085f844a6896569312cb2ba1ab72f6\classes\org\gradle\accessors\dm\LibrariesForLibs.class","LibrariesForLibs.class","File","9.68"
".\.gradle\8.9\dependencies-accessors\dc6990cf0d085f844a6896569312cb2ba1ab72f6\classes\org\gradle\accessors\dm\LibrariesForLibsInPluginsBlock$AccompanistLibraryAccessors.class","LibrariesForLibsInPluginsBlock$AccompanistLibraryAccessors.class","File","2.18"
".\.gradle\8.9\dependencies-accessors\dc6990cf0d085f844a6896569312cb2ba1ab72f6\classes\org\gradle\accessors\dm\LibrariesForLibsInPluginsBlock$AndroidPluginAccessors.class","LibrariesForLibsInPluginsBlock$AndroidPluginAccessors.class","File","0.94"
".\.gradle\8.9\dependencies-accessors\dc6990cf0d085f844a6896569312cb2ba1ab72f6\classes\org\gradle\accessors\dm\LibrariesForLibsInPluginsBlock$AndroidxActivityLibraryAccessors.class","LibrariesForLibsInPluginsBlock$AndroidxActivityLibraryAccessors.class","File","2.19"
".\.gradle\8.9\dependencies-accessors\dc6990cf0d085f844a6896569312cb2ba1ab72f6\classes\org\gradle\accessors\dm\LibrariesForLibsInPluginsBlock$AndroidxCameraLibraryAccessors.class","LibrariesForLibsInPluginsBlock$AndroidxCameraLibraryAccessors.class","File","2.6"
".\.gradle\8.9\dependencies-accessors\dc6990cf0d085f844a6896569312cb2ba1ab72f6\classes\org\gradle\accessors\dm\LibrariesForLibsInPluginsBlock$AndroidxComposeLibraryAccessors.class","LibrariesForLibsInPluginsBlock$AndroidxComposeLibraryAccessors.class","File","3.45"
".\.gradle\8.9\dependencies-accessors\dc6990cf0d085f844a6896569312cb2ba1ab72f6\classes\org\gradle\accessors\dm\LibrariesForLibsInPluginsBlock$AndroidxComposeMaterialIconsLibraryAccessors.class","LibrariesForLibsInPluginsBlock$AndroidxComposeMaterialIconsLibraryAccessors.class","File","2.38"
".\.gradle\8.9\dependencies-accessors\dc6990cf0d085f844a6896569312cb2ba1ab72f6\classes\org\gradle\accessors\dm\LibrariesForLibsInPluginsBlock$AndroidxComposeMaterialLibraryAccessors.class","LibrariesForLibsInPluginsBlock$AndroidxComposeMaterialLibraryAccessors.class","File","2.48"
".\.gradle\8.9\dependencies-accessors\dc6990cf0d085f844a6896569312cb2ba1ab72f6\classes\org\gradle\accessors\dm\LibrariesForLibsInPluginsBlock$AndroidxComposeUiLibraryAccessors.class","LibrariesForLibsInPluginsBlock$AndroidxComposeUiLibraryAccessors.class","File","3.68"
".\.gradle\8.9\dependencies-accessors\dc6990cf0d085f844a6896569312cb2ba1ab72f6\classes\org\gradle\accessors\dm\LibrariesForLibsInPluginsBlock$AndroidxComposeUiTestLibraryAccessors.class","LibrariesForLibsInPluginsBlock$AndroidxComposeUiTestLibraryAccessors.class","File","2.35"
".\.gradle\8.9\dependencies-accessors\dc6990cf0d085f844a6896569312cb2ba1ab72f6\classes\org\gradle\accessors\dm\LibrariesForLibsInPluginsBlock$AndroidxComposeUiToolingLibraryAccessors.class","LibrariesForLibsInPluginsBlock$AndroidxComposeUiToolingLibraryAccessors.class","File","2.56"
".\.gradle\8.9\dependencies-accessors\dc6990cf0d085f844a6896569312cb2ba1ab72f6\classes\org\gradle\accessors\dm\LibrariesForLibsInPluginsBlock$AndroidxCoreLibraryAccessors.class","LibrariesForLibsInPluginsBlock$AndroidxCoreLibraryAccessors.class","File","2.5"
".\.gradle\8.9\dependencies-accessors\dc6990cf0d085f844a6896569312cb2ba1ab72f6\classes\org\gradle\accessors\dm\LibrariesForLibsInPluginsBlock$AndroidxDatastoreLibraryAccessors.class","LibrariesForLibsInPluginsBlock$AndroidxDatastoreLibraryAccessors.class","File","2.2"
".\.gradle\8.9\dependencies-accessors\dc6990cf0d085f844a6896569312cb2ba1ab72f6\classes\org\gradle\accessors\dm\LibrariesForLibsInPluginsBlock$AndroidxEspressoLibraryAccessors.class","LibrariesForLibsInPluginsBlock$AndroidxEspressoLibraryAccessors.class","File","2.18"
".\.gradle\8.9\dependencies-accessors\dc6990cf0d085f844a6896569312cb2ba1ab72f6\classes\org\gradle\accessors\dm\LibrariesForLibsInPluginsBlock$AndroidxLibraryAccessors.class","LibrariesForLibsInPluginsBlock$AndroidxLibraryAccessors.class","File","6.86"
".\.gradle\8.9\dependencies-accessors\dc6990cf0d085f844a6896569312cb2ba1ab72f6\classes\org\gradle\accessors\dm\LibrariesForLibsInPluginsBlock$AndroidxLifecycleLibraryAccessors.class","LibrariesForLibsInPluginsBlock$AndroidxLifecycleLibraryAccessors.class","File","3"
".\.gradle\8.9\dependencies-accessors\dc6990cf0d085f844a6896569312cb2ba1ab72f6\classes\org\gradle\accessors\dm\LibrariesForLibsInPluginsBlock$AndroidxLifecycleRuntimeLibraryAccessors.class","LibrariesForLibsInPluginsBlock$AndroidxLifecycleRuntimeLibraryAccessors.class","File","2.36"
".\.gradle\8.9\dependencies-accessors\dc6990cf0d085f844a6896569312cb2ba1ab72f6\classes\org\gradle\accessors\dm\LibrariesForLibsInPluginsBlock$AndroidxLifecycleViewmodelLibraryAccessors.class","LibrariesForLibsInPluginsBlock$AndroidxLifecycleViewmodelLibraryAccessors.class","File","2.22"
".\.gradle\8.9\dependencies-accessors\dc6990cf0d085f844a6896569312cb2ba1ab72f6\classes\org\gradle\accessors\dm\LibrariesForLibsInPluginsBlock$AndroidxNavigationLibraryAccessors.class","LibrariesForLibsInPluginsBlock$AndroidxNavigationLibraryAccessors.class","File","2.19"
".\.gradle\8.9\dependencies-accessors\dc6990cf0d085f844a6896569312cb2ba1ab72f6\classes\org\gradle\accessors\dm\LibrariesForLibsInPluginsBlock$AndroidxRoomLibraryAccessors.class","LibrariesForLibsInPluginsBlock$AndroidxRoomLibraryAccessors.class","File","2.45"
".\.gradle\8.9\dependencies-accessors\dc6990cf0d085f844a6896569312cb2ba1ab72f6\classes\org\gradle\accessors\dm\LibrariesForLibsInPluginsBlock$BundleAccessors.class","LibrariesForLibsInPluginsBlock$BundleAccessors.class","File","0.87"
".\.gradle\8.9\dependencies-accessors\dc6990cf0d085f844a6896569312cb2ba1ab72f6\classes\org\gradle\accessors\dm\LibrariesForLibsInPluginsBlock$CoilLibraryAccessors.class","LibrariesForLibsInPluginsBlock$CoilLibraryAccessors.class","File","2.15"
".\.gradle\8.9\dependencies-accessors\dc6990cf0d085f844a6896569312cb2ba1ab72f6\classes\org\gradle\accessors\dm\LibrariesForLibsInPluginsBlock$ConverterLibraryAccessors.class","LibrariesForLibsInPluginsBlock$ConverterLibraryAccessors.class","File","2.16"
".\.gradle\8.9\dependencies-accessors\dc6990cf0d085f844a6896569312cb2ba1ab72f6\classes\org\gradle\accessors\dm\LibrariesForLibsInPluginsBlock$FirebaseLibraryAccessors.class","LibrariesForLibsInPluginsBlock$FirebaseLibraryAccessors.class","File","2.28"
".\.gradle\8.9\dependencies-accessors\dc6990cf0d085f844a6896569312cb2ba1ab72f6\classes\org\gradle\accessors\dm\LibrariesForLibsInPluginsBlock$GoogleDevtoolsPluginAccessors.class","LibrariesForLibsInPluginsBlock$GoogleDevtoolsPluginAccessors.class","File","0.95"
".\.gradle\8.9\dependencies-accessors\dc6990cf0d085f844a6896569312cb2ba1ab72f6\classes\org\gradle\accessors\dm\LibrariesForLibsInPluginsBlock$GooglePluginAccessors.class","LibrariesForLibsInPluginsBlock$GooglePluginAccessors.class","File","1.22"
".\.gradle\8.9\dependencies-accessors\dc6990cf0d085f844a6896569312cb2ba1ab72f6\classes\org\gradle\accessors\dm\LibrariesForLibsInPluginsBlock$KotlinPluginAccessors.class","LibrariesForLibsInPluginsBlock$KotlinPluginAccessors.class","File","0.93"
".\.gradle\8.9\dependencies-accessors\dc6990cf0d085f844a6896569312cb2ba1ab72f6\classes\org\gradle\accessors\dm\LibrariesForLibsInPluginsBlock$KotlinxCoroutinesLibraryAccessors.class","LibrariesForLibsInPluginsBlock$KotlinxCoroutinesLibraryAccessors.class","File","2.47"
".\.gradle\8.9\dependencies-accessors\dc6990cf0d085f844a6896569312cb2ba1ab72f6\classes\org\gradle\accessors\dm\LibrariesForLibsInPluginsBlock$KotlinxLibraryAccessors.class","LibrariesForLibsInPluginsBlock$KotlinxLibraryAccessors.class","File","2.4"
".\.gradle\8.9\dependencies-accessors\dc6990cf0d085f844a6896569312cb2ba1ab72f6\classes\org\gradle\accessors\dm\LibrariesForLibsInPluginsBlock$LoggingLibraryAccessors.class","LibrariesForLibsInPluginsBlock$LoggingLibraryAccessors.class","File","2.17"
".\.gradle\8.9\dependencies-accessors\dc6990cf0d085f844a6896569312cb2ba1ab72f6\classes\org\gradle\accessors\dm\LibrariesForLibsInPluginsBlock$MoshiKotlinLibraryAccessors.class","LibrariesForLibsInPluginsBlock$MoshiKotlinLibraryAccessors.class","File","2.5"
".\.gradle\8.9\dependencies-accessors\dc6990cf0d085f844a6896569312cb2ba1ab72f6\classes\org\gradle\accessors\dm\LibrariesForLibsInPluginsBlock$MoshiLibraryAccessors.class","LibrariesForLibsInPluginsBlock$MoshiLibraryAccessors.class","File","2.36"
".\.gradle\8.9\dependencies-accessors\dc6990cf0d085f844a6896569312cb2ba1ab72f6\classes\org\gradle\accessors\dm\LibrariesForLibsInPluginsBlock$PlayLibraryAccessors.class","LibrariesForLibsInPluginsBlock$PlayLibraryAccessors.class","File","2.37"
".\.gradle\8.9\dependencies-accessors\dc6990cf0d085f844a6896569312cb2ba1ab72f6\classes\org\gradle\accessors\dm\LibrariesForLibsInPluginsBlock$PlayServicesLibraryAccessors.class","LibrariesForLibsInPluginsBlock$PlayServicesLibraryAccessors.class","File","2.18"
".\.gradle\8.9\dependencies-accessors\dc6990cf0d085f844a6896569312cb2ba1ab72f6\classes\org\gradle\accessors\dm\LibrariesForLibsInPluginsBlock$PluginAccessors.class","LibrariesForLibsInPluginsBlock$PluginAccessors.class","File","2.34"
".\.gradle\8.9\dependencies-accessors\dc6990cf0d085f844a6896569312cb2ba1ab72f6\classes\org\gradle\accessors\dm\LibrariesForLibsInPluginsBlock$RoborazziJunitLibraryAccessors.class","LibrariesForLibsInPluginsBlock$RoborazziJunitLibraryAccessors.class","File","2.17"
".\.gradle\8.9\dependencies-accessors\dc6990cf0d085f844a6896569312cb2ba1ab72f6\classes\org\gradle\accessors\dm\LibrariesForLibsInPluginsBlock$RoborazziLibraryAccessors.class","LibrariesForLibsInPluginsBlock$RoborazziLibraryAccessors.class","File","3.07"
".\.gradle\8.9\dependencies-accessors\dc6990cf0d085f844a6896569312cb2ba1ab72f6\classes\org\gradle\accessors\dm\LibrariesForLibsInPluginsBlock$VersionAccessors.class","LibrariesForLibsInPluginsBlock$VersionAccessors.class","File","4.31"
".\.gradle\8.9\dependencies-accessors\dc6990cf0d085f844a6896569312cb2ba1ab72f6\classes\org\gradle\accessors\dm\LibrariesForLibsInPluginsBlock.class","LibrariesForLibsInPluginsBlock.class","File","12.45"
".\.gradle\8.9\dependencies-accessors\dc6990cf0d085f844a6896569312cb2ba1ab72f6\sources\org","org","Folder"," 0"
".\.gradle\8.9\dependencies-accessors\dc6990cf0d085f844a6896569312cb2ba1ab72f6\sources\org\gradle","gradle","Folder"," 0"
".\.gradle\8.9\dependencies-accessors\dc6990cf0d085f844a6896569312cb2ba1ab72f6\sources\org\gradle\accessors","accessors","Folder"," 0"
".\.gradle\8.9\dependencies-accessors\dc6990cf0d085f844a6896569312cb2ba1ab72f6\sources\org\gradle\accessors\dm","dm","Folder"," 0"
".\.gradle\8.9\dependencies-accessors\dc6990cf0d085f844a6896569312cb2ba1ab72f6\sources\org\gradle\accessors\dm\LibrariesForLibs.java","LibrariesForLibs.java","File","58.78"
".\.gradle\8.9\dependencies-accessors\dc6990cf0d085f844a6896569312cb2ba1ab72f6\sources\org\gradle\accessors\dm\LibrariesForLibsInPluginsBlock.java","LibrariesForLibsInPluginsBlock.java","File","94.54"
".\.gradle\8.9\fileChanges\last-build.bin","last-build.bin","File","0"
".\.gradle\8.9\fileHashes\fileHashes.bin","fileHashes.bin","File","25.78"
".\.gradle\8.9\fileHashes\fileHashes.lock","fileHashes.lock","File","0.02"
".\.gradle\8.9\fileHashes\resourceHashesCache.bin","resourceHashesCache.bin","File","20.59"
".\.gradle\9.3.1\checksums","checksums","Folder"," 0"
".\.gradle\9.3.1\executionHistory","executionHistory","Folder"," 0"
".\.gradle\9.3.1\expanded","expanded","Folder"," 0"
".\.gradle\9.3.1\fileChanges","fileChanges","Folder"," 0"
".\.gradle\9.3.1\fileHashes","fileHashes","Folder"," 0"
".\.gradle\9.3.1\vcsMetadata","vcsMetadata","Folder"," 0"
".\.gradle\9.3.1\gc.properties","gc.properties","File","0"
".\.gradle\9.3.1\checksums\checksums.lock","checksums.lock","File","0.02"
".\.gradle\9.3.1\checksums\md5-checksums.bin","md5-checksums.bin","File","18.89"
".\.gradle\9.3.1\checksums\sha1-checksums.bin","sha1-checksums.bin","File","21.81"
".\.gradle\9.3.1\executionHistory\executionHistory.bin","executionHistory.bin","File","1314.46"
".\.gradle\9.3.1\executionHistory\executionHistory.lock","executionHistory.lock","File","0.02"
".\.gradle\9.3.1\fileChanges\last-build.bin","last-build.bin","File","0"
".\.gradle\9.3.1\fileHashes\fileHashes.bin","fileHashes.bin","File","71.25"
".\.gradle\9.3.1\fileHashes\fileHashes.lock","fileHashes.lock","File","0.02"
".\.gradle\9.3.1\fileHashes\resourceHashesCache.bin","resourceHashesCache.bin","File","19.26"
".\.gradle\buildOutputCleanup\buildOutputCleanup.lock","buildOutputCleanup.lock","File","0.02"
".\.gradle\buildOutputCleanup\cache.properties","cache.properties","File","0.05"
".\.gradle\buildOutputCleanup\outputFiles.bin","outputFiles.bin","File","21.95"
".\.gradle\configuration-cache\04aa42c8-2967-40df-a0f1-228d161ed39d","04aa42c8-2967-40df-a0f1-228d161ed39d","Folder"," 0"
".\.gradle\configuration-cache\0d701cac-b1ae-4a08-ac05-0205539901c1","0d701cac-b1ae-4a08-ac05-0205539901c1","Folder"," 0"
".\.gradle\configuration-cache\1j2s3hmvzstozygkir33cp0aa","1j2s3hmvzstozygkir33cp0aa","Folder"," 0"
".\.gradle\configuration-cache\2662eb36-e6ec-4e4f-972c-88bd109f678f","2662eb36-e6ec-4e4f-972c-88bd109f678f","Folder"," 0"
".\.gradle\configuration-cache\286jy3cikw98kerdz93a4e3ma","286jy3cikw98kerdz93a4e3ma","Folder"," 0"
".\.gradle\configuration-cache\2dd7c7a1-c0db-4ce8-bc79-66e6c7722851","2dd7c7a1-c0db-4ce8-bc79-66e6c7722851","Folder"," 0"
".\.gradle\configuration-cache\2fd88485-c9a1-441a-bf89-285d40eabb03","2fd88485-c9a1-441a-bf89-285d40eabb03","Folder"," 0"
".\.gradle\configuration-cache\454ed4f9-0d03-4e5b-a165-7b04270f9abf","454ed4f9-0d03-4e5b-a165-7b04270f9abf","Folder"," 0"
".\.gradle\configuration-cache\52zb4qlfp52r0s6tv15umk58w","52zb4qlfp52r0s6tv15umk58w","Folder"," 0"
".\.gradle\configuration-cache\6v43axf9bmq8be1cy4hbppx9p","6v43axf9bmq8be1cy4hbppx9p","Folder"," 0"
".\.gradle\configuration-cache\7p77d32muvrsxmv0bymy5xm0h","7p77d32muvrsxmv0bymy5xm0h","Folder"," 0"
".\.gradle\configuration-cache\7wg64ur98mknwlf3pn5sunbys","7wg64ur98mknwlf3pn5sunbys","Folder"," 0"
".\.gradle\configuration-cache\9e144bbc-7902-4a6b-ab53-dba971ad9166","9e144bbc-7902-4a6b-ab53-dba971ad9166","Folder"," 0"
".\.gradle\configuration-cache\b116a826-7192-45a3-a0e0-741dc58fa597","b116a826-7192-45a3-a0e0-741dc58fa597","Folder"," 0"
".\.gradle\configuration-cache\bc803bd3-c181-4cad-ba5d-da2ba3b271d3","bc803bd3-c181-4cad-ba5d-da2ba3b271d3","Folder"," 0"
".\.gradle\configuration-cache\ceac74fb-9f7d-4ac8-ae8a-f879735b65dc","ceac74fb-9f7d-4ac8-ae8a-f879735b65dc","Folder"," 0"
".\.gradle\configuration-cache\configuration-cache.lock","configuration-cache.lock","File","0.02"
".\.gradle\configuration-cache\gc.properties","gc.properties","File","0"
".\.gradle\configuration-cache\04aa42c8-2967-40df-a0f1-228d161ed39d\.globals.work.bin",".globals.work.bin","File","2.44"
".\.gradle\configuration-cache\04aa42c8-2967-40df-a0f1-228d161ed39d\.strings.work.bin",".strings.work.bin","File","86.57"
".\.gradle\configuration-cache\04aa42c8-2967-40df-a0f1-228d161ed39d\buildfingerprint.bin","buildfingerprint.bin","File","36.43"
".\.gradle\configuration-cache\04aa42c8-2967-40df-a0f1-228d161ed39d\classloaderscopes.bin","classloaderscopes.bin","File","44.56"
".\.gradle\configuration-cache\04aa42c8-2967-40df-a0f1-228d161ed39d\entry.bin","entry.bin","File","0.08"
".\.gradle\configuration-cache\04aa42c8-2967-40df-a0f1-228d161ed39d\projectfingerprint.bin","projectfingerprint.bin","File","0.77"
".\.gradle\configuration-cache\04aa42c8-2967-40df-a0f1-228d161ed39d\work.bin","work.bin","File","2.1"
".\.gradle\configuration-cache\04aa42c8-2967-40df-a0f1-228d161ed39d\_app.work.bin","_app.work.bin","File","155.22"
".\.gradle\configuration-cache\1j2s3hmvzstozygkir33cp0aa\candidates.bin","candidates.bin","File","0.04"
".\.gradle\configuration-cache\2662eb36-e6ec-4e4f-972c-88bd109f678f\.globals.work.bin",".globals.work.bin","File","1.03"
".\.gradle\configuration-cache\2662eb36-e6ec-4e4f-972c-88bd109f678f\.strings.work.bin",".strings.work.bin","File","16.71"
".\.gradle\configuration-cache\2662eb36-e6ec-4e4f-972c-88bd109f678f\classloaderscopes2277593727141948362.tmp","classloaderscopes2277593727141948362.tmp","File","44.56"
".\.gradle\configuration-cache\2662eb36-e6ec-4e4f-972c-88bd109f678f\work.bin","work.bin","File","0.37"
".\.gradle\configuration-cache\2662eb36-e6ec-4e4f-972c-88bd109f678f\_app.work.bin","_app.work.bin","File","2.22"
".\.gradle\configuration-cache\2dd7c7a1-c0db-4ce8-bc79-66e6c7722851\classloaderscopes7242117515589093454.tmp","classloaderscopes7242117515589093454.tmp","File","43.84"
".\.gradle\configuration-cache\454ed4f9-0d03-4e5b-a165-7b04270f9abf\classloaderscopes3530163475519032921.tmp","classloaderscopes3530163475519032921.tmp","File","43.84"
".\.gradle\configuration-cache\52zb4qlfp52r0s6tv15umk58w\candidates.bin","candidates.bin","File","0.04"
".\.gradle\configuration-cache\6v43axf9bmq8be1cy4hbppx9p\buildfingerprint.bin","buildfingerprint.bin","File","58.88"
".\.gradle\configuration-cache\6v43axf9bmq8be1cy4hbppx9p\entry.bin","entry.bin","File","0.06"
".\.gradle\configuration-cache\6v43axf9bmq8be1cy4hbppx9p\projectfingerprint.bin","projectfingerprint.bin","File","0.66"
".\.gradle\configuration-cache\6v43axf9bmq8be1cy4hbppx9p\work.bin","work.bin","File","45.11"
".\.gradle\configuration-cache\7p77d32muvrsxmv0bymy5xm0h\candidates.bin","candidates.bin","File","0.04"
".\.gradle\configuration-cache\7wg64ur98mknwlf3pn5sunbys\candidates.bin","candidates.bin","File","0.04"
".\.gradle\configuration-cache\9e144bbc-7902-4a6b-ab53-dba971ad9166\.globals.work.bin",".globals.work.bin","File","0.37"
".\.gradle\configuration-cache\9e144bbc-7902-4a6b-ab53-dba971ad9166\.strings.work.bin",".strings.work.bin","File","7.34"
".\.gradle\configuration-cache\9e144bbc-7902-4a6b-ab53-dba971ad9166\buildfingerprint.bin","buildfingerprint.bin","File","32.39"
".\.gradle\configuration-cache\9e144bbc-7902-4a6b-ab53-dba971ad9166\classloaderscopes.bin","classloaderscopes.bin","File","43.84"
".\.gradle\configuration-cache\9e144bbc-7902-4a6b-ab53-dba971ad9166\entry.bin","entry.bin","File","0.08"
".\.gradle\configuration-cache\9e144bbc-7902-4a6b-ab53-dba971ad9166\projectfingerprint.bin","projectfingerprint.bin","File","0.77"
".\.gradle\configuration-cache\9e144bbc-7902-4a6b-ab53-dba971ad9166\work.bin","work.bin","File","0.65"
".\.gradle\configuration-cache\9e144bbc-7902-4a6b-ab53-dba971ad9166\_.work.bin","_.work.bin","File","0.3"
".\.gradle\configuration-cache\b116a826-7192-45a3-a0e0-741dc58fa597\.globals.work.bin",".globals.work.bin","File","2.46"
".\.gradle\configuration-cache\b116a826-7192-45a3-a0e0-741dc58fa597\.strings.work.bin",".strings.work.bin","File","77.04"
".\.gradle\configuration-cache\b116a826-7192-45a3-a0e0-741dc58fa597\build.work.bin","build.work.bin","File","0.02"
".\.gradle\configuration-cache\b116a826-7192-45a3-a0e0-741dc58fa597\buildfingerprint.bin","buildfingerprint.bin","File","36.25"
".\.gradle\configuration-cache\b116a826-7192-45a3-a0e0-741dc58fa597\classloaderscopes.bin","classloaderscopes.bin","File","43.84"
".\.gradle\configuration-cache\b116a826-7192-45a3-a0e0-741dc58fa597\entry.bin","entry.bin","File","0.08"
".\.gradle\configuration-cache\b116a826-7192-45a3-a0e0-741dc58fa597\projectfingerprint.bin","projectfingerprint.bin","File","0.77"
".\.gradle\configuration-cache\b116a826-7192-45a3-a0e0-741dc58fa597\work.bin","work.bin","File","2.17"
".\.gradle\configuration-cache\b116a826-7192-45a3-a0e0-741dc58fa597\_app.work.bin","_app.work.bin","File","110.63"
".\.gradle\configuration-cache\bc803bd3-c181-4cad-ba5d-da2ba3b271d3\.globals.work.bin",".globals.work.bin","File","2.44"
".\.gradle\configuration-cache\bc803bd3-c181-4cad-ba5d-da2ba3b271d3\.strings.work.bin",".strings.work.bin","File","76.95"
".\.gradle\configuration-cache\bc803bd3-c181-4cad-ba5d-da2ba3b271d3\buildfingerprint.bin","buildfingerprint.bin","File","35.83"
".\.gradle\configuration-cache\bc803bd3-c181-4cad-ba5d-da2ba3b271d3\classloaderscopes.bin","classloaderscopes.bin","File","43.84"
".\.gradle\configuration-cache\bc803bd3-c181-4cad-ba5d-da2ba3b271d3\entry.bin","entry.bin","File","0.08"
".\.gradle\configuration-cache\bc803bd3-c181-4cad-ba5d-da2ba3b271d3\projectfingerprint.bin","projectfingerprint.bin","File","0.77"
".\.gradle\configuration-cache\bc803bd3-c181-4cad-ba5d-da2ba3b271d3\work.bin","work.bin","File","2.09"
".\.gradle\configuration-cache\bc803bd3-c181-4cad-ba5d-da2ba3b271d3\_app.work.bin","_app.work.bin","File","110.5"
".\.gradle\vcs-1\gc.properties","gc.properties","File","0"
".\.kotlin\sessions","sessions","Folder"," 0"
".\.vscode\settings.json","settings.json","File","0.07"
".\app\build","build","Folder"," 0"
".\app\src","src","Folder"," 0"
".\app\.gitignore",".gitignore","File","0.01"
".\app\build.gradle.kts","build.gradle.kts","File","6.06"
".\app\google-services.json","google-services.json","File","0.71"
".\app\proguard-rules.pro","proguard-rules.pro","File","0.75"
".\app\build\generated","generated","Folder"," 0"
".\app\build\intermediates","intermediates","Folder"," 0"
".\app\build\kotlin","kotlin","Folder"," 0"
".\app\build\kspCaches","kspCaches","Folder"," 0"
".\app\build\outputs","outputs","Folder"," 0"
".\app\build\tmp","tmp","Folder"," 0"
".\app\build\gmpAppId.txt","gmpAppId.txt","File","0.04"
".\app\build\generated\ap_generated_sources","ap_generated_sources","Folder"," 0"
".\app\build\generated\ksp","ksp","Folder"," 0"
".\app\build\generated\res","res","Folder"," 0"
".\app\build\generated\source","source","Folder"," 0"
".\app\build\generated\updated_navigation_xml","updated_navigation_xml","Folder"," 0"
".\app\build\generated\ap_generated_sources\debug","debug","Folder"," 0"
".\app\build\generated\ap_generated_sources\debug\out","out","Folder"," 0"
".\app\build\generated\res\pngs","pngs","Folder"," 0"
".\app\build\generated\res\processDebugGoogleServices","processDebugGoogleServices","Folder"," 0"
".\app\build\generated\res\pngs\debug","debug","Folder"," 0"
".\app\build\generated\res\processDebugGoogleServices\values","values","Folder"," 0"
".\app\build\generated\res\processDebugGoogleServices\values\values.xml","values.xml","File","0.68"
".\app\build\generated\source\buildConfig","buildConfig","Folder"," 0"
".\app\build\generated\source\buildConfig\debug","debug","Folder"," 0"
".\app\build\generated\source\buildConfig\debug\com","com","Folder"," 0"
".\app\build\generated\source\buildConfig\debug\com\example","example","Folder"," 0"
".\app\build\generated\source\buildConfig\debug\com\example\BuildConfig.java","BuildConfig.java","File","0.47"
".\app\build\generated\updated_navigation_xml\debug","debug","Folder"," 0"
".\app\build\intermediates\aar_metadata_check","aar_metadata_check","Folder"," 0"
".\app\build\intermediates\android_res_source_set_path_map","android_res_source_set_path_map","Folder"," 0"
".\app\build\intermediates\annotation_processor_list","annotation_processor_list","Folder"," 0"
".\app\build\intermediates\apk_ide_redirect_file","apk_ide_redirect_file","Folder"," 0"
".\app\build\intermediates\app_metadata","app_metadata","Folder"," 0"
".\app\build\intermediates\assets","assets","Folder"," 0"
".\app\build\intermediates\built_in_kotlinc","built_in_kotlinc","Folder"," 0"
".\app\build\intermediates\compatible_screen_manifest","compatible_screen_manifest","Folder"," 0"
".\app\build\intermediates\compiled_navigation_res","compiled_navigation_res","Folder"," 0"
".\app\build\intermediates\compile_and_runtime_r_class_jar","compile_and_runtime_r_class_jar","Folder"," 0"
".\app\build\intermediates\compile_r_class_jar","compile_r_class_jar","Folder"," 0"
".\app\build\intermediates\compile_symbol_list","compile_symbol_list","Folder"," 0"
".\app\build\intermediates\compressed_assets","compressed_assets","Folder"," 0"
".\app\build\intermediates\data_binding_layout_info_type_merge","data_binding_layout_info_type_merge","Folder"," 0"
".\app\build\intermediates\data_binding_layout_info_type_package","data_binding_layout_info_type_package","Folder"," 0"
".\app\build\intermediates\desugar_graph","desugar_graph","Folder"," 0"
".\app\build\intermediates\dex","dex","Folder"," 0"
".\app\build\intermediates\dex_archive_input_jar_hashes","dex_archive_input_jar_hashes","Folder"," 0"
".\app\build\intermediates\dex_number_of_buckets_file","dex_number_of_buckets_file","Folder"," 0"
".\app\build\intermediates\duplicate_classes_check","duplicate_classes_check","Folder"," 0"
".\app\build\intermediates\external_file_lib_dex_archives","external_file_lib_dex_archives","Folder"," 0"
".\app\build\intermediates\external_libs_dex_archive","external_libs_dex_archive","Folder"," 0"
".\app\build\intermediates\external_libs_dex_archive_with_artifact_transforms","external_libs_dex_archive_with_artifact_transforms","Folder"," 0"
".\app\build\intermediates\incremental","incremental","Folder"," 0"
".\app\build\intermediates\javac","javac","Folder"," 0"
".\app\build\intermediates\java_res","java_res","Folder"," 0"
".\app\build\intermediates\linked_resources_binary_format","linked_resources_binary_format","Folder"," 0"
".\app\build\intermediates\local_only_symbol_list","local_only_symbol_list","Folder"," 0"
".\app\build\intermediates\manifest_merge_blame_file","manifest_merge_blame_file","Folder"," 0"
".\app\build\intermediates\merged_java_res","merged_java_res","Folder"," 0"
".\app\build\intermediates\merged_jni_libs","merged_jni_libs","Folder"," 0"
".\app\build\intermediates\merged_manifest","merged_manifest","Folder"," 0"
".\app\build\intermediates\merged_manifests","merged_manifests","Folder"," 0"
".\app\build\intermediates\merged_native_libs","merged_native_libs","Folder"," 0"
".\app\build\intermediates\merged_res","merged_res","Folder"," 0"
".\app\build\intermediates\merged_res_blame_folder","merged_res_blame_folder","Folder"," 0"
".\app\build\intermediates\merged_test_only_native_libs","merged_test_only_native_libs","Folder"," 0"
".\app\build\intermediates\mixed_scope_dex_archive","mixed_scope_dex_archive","Folder"," 0"
".\app\build\intermediates\navigation_json","navigation_json","Folder"," 0"
".\app\build\intermediates\nested_resources_validation_report","nested_resources_validation_report","Folder"," 0"
".\app\build\intermediates\packaged_manifests","packaged_manifests","Folder"," 0"
".\app\build\intermediates\packaged_res","packaged_res","Folder"," 0"
".\app\build\intermediates\project_dex_archive","project_dex_archive","Folder"," 0"
".\app\build\intermediates\runtime_symbol_list","runtime_symbol_list","Folder"," 0"
".\app\build\intermediates\signing_config_versions","signing_config_versions","Folder"," 0"
".\app\build\intermediates\stable_resource_ids_file","stable_resource_ids_file","Folder"," 0"
".\app\build\intermediates\stripped_native_libs","stripped_native_libs","Folder"," 0"
".\app\build\intermediates\sub_project_dex_archive","sub_project_dex_archive","Folder"," 0"
".\app\build\intermediates\symbol_list_with_package_name","symbol_list_with_package_name","Folder"," 0"
".\app\build\intermediates\validate_signing_config","validate_signing_config","Folder"," 0"
".\app\build\intermediates\aar_metadata_check\debug","debug","Folder"," 0"
".\app\build\intermediates\aar_metadata_check\debug\checkDebugAarMetadata","checkDebugAarMetadata","Folder"," 0"
".\app\build\intermediates\android_res_source_set_path_map\debug","debug","Folder"," 0"
".\app\build\intermediates\android_res_source_set_path_map\debug\mapDebugSourceSetPaths","mapDebugSourceSetPaths","Folder"," 0"
".\app\build\intermediates\android_res_source_set_path_map\debug\mapDebugSourceSetPaths\file-map.txt","file-map.txt","File","1.04"
".\app\build\intermediates\annotation_processor_list\debug","debug","Folder"," 0"
".\app\build\intermediates\annotation_processor_list\debug\javaPreCompileDebug","javaPreCompileDebug","Folder"," 0"
".\app\build\intermediates\annotation_processor_list\debug\javaPreCompileDebug\annotationProcessors.json","annotationProcessors.json","File","0.17"
".\app\build\intermediates\apk_ide_redirect_file\debug","debug","Folder"," 0"
".\app\build\intermediates\apk_ide_redirect_file\debug\createDebugApkListingFileRedirect","createDebugApkListingFileRedirect","Folder"," 0"
".\app\build\intermediates\apk_ide_redirect_file\debug\createDebugApkListingFileRedirect\redirect.txt","redirect.txt","File","0.08"
".\app\build\intermediates\app_metadata\debug","debug","Folder"," 0"
".\app\build\intermediates\app_metadata\debug\writeDebugAppMetadata","writeDebugAppMetadata","Folder"," 0"
".\app\build\intermediates\app_metadata\debug\writeDebugAppMetadata\app-metadata.properties","app-metadata.properties","File","0.05"
".\app\build\intermediates\assets\debug","debug","Folder"," 0"
".\app\build\intermediates\assets\debug\mergeDebugAssets","mergeDebugAssets","Folder"," 0"
".\app\build\intermediates\assets\debug\mergeDebugAssets\index.html","index.html","File","98.11"
".\app\build\intermediates\built_in_kotlinc\debug","debug","Folder"," 0"
".\app\build\intermediates\built_in_kotlinc\debug\compileDebugKotlin","compileDebugKotlin","Folder"," 0"
".\app\build\intermediates\built_in_kotlinc\debug\compileDebugKotlin\classes","classes","Folder"," 0"
".\app\build\intermediates\built_in_kotlinc\debug\compileDebugKotlin\classes\com","com","Folder"," 0"
".\app\build\intermediates\built_in_kotlinc\debug\compileDebugKotlin\classes\META-INF","META-INF","Folder"," 0"
".\app\build\intermediates\built_in_kotlinc\debug\compileDebugKotlin\classes\com\example","example","Folder"," 0"
".\app\build\intermediates\built_in_kotlinc\debug\compileDebugKotlin\classes\com\example\ui","ui","Folder"," 0"
".\app\build\intermediates\built_in_kotlinc\debug\compileDebugKotlin\classes\com\example\ComposableSingletons$MainActivityKt.class","ComposableSingletons$MainActivityKt.class","File","14.87"
".\app\build\intermediates\built_in_kotlinc\debug\compileDebugKotlin\classes\com\example\MainActivity.class","MainActivity.class","File","23.38"
".\app\build\intermediates\built_in_kotlinc\debug\compileDebugKotlin\classes\com\example\MyFirebaseMessagingService.class","MyFirebaseMessagingService.class","File","5.01"
".\app\build\intermediates\built_in_kotlinc\debug\compileDebugKotlin\classes\com\example\ui\theme","theme","Folder"," 0"
".\app\build\intermediates\built_in_kotlinc\debug\compileDebugKotlin\classes\com\example\ui\theme\ColorKt.class","ColorKt.class","File","1.27"
".\app\build\intermediates\built_in_kotlinc\debug\compileDebugKotlin\classes\com\example\ui\theme\ThemeKt.class","ThemeKt.class","File","6.99"
".\app\build\intermediates\built_in_kotlinc\debug\compileDebugKotlin\classes\com\example\ui\theme\TypeKt.class","TypeKt.class","File","2.79"
".\app\build\intermediates\built_in_kotlinc\debug\compileDebugKotlin\classes\META-INF\app.kotlin_module","app.kotlin_module","File","0.07"
".\app\build\intermediates\compatible_screen_manifest\debug","debug","Folder"," 0"
".\app\build\intermediates\compatible_screen_manifest\debug\createDebugCompatibleScreenManifests","createDebugCompatibleScreenManifests","Folder"," 0"
".\app\build\intermediates\compatible_screen_manifest\debug\createDebugCompatibleScreenManifests\output-metadata.json","output-metadata.json","File","0.21"
".\app\build\intermediates\compiled_navigation_res\debug","debug","Folder"," 0"
".\app\build\intermediates\compiled_navigation_res\debug\compileDebugNavigationResources","compileDebugNavigationResources","Folder"," 0"
".\app\build\intermediates\compile_and_runtime_r_class_jar\debug","debug","Folder"," 0"
".\app\build\intermediates\compile_and_runtime_r_class_jar\debug\processDebugResources","processDebugResources","Folder"," 0"
".\app\build\intermediates\compile_and_runtime_r_class_jar\debug\processDebugResources\R.jar","R.jar","File","147.79"
".\app\build\intermediates\compile_r_class_jar\debug","debug","Folder"," 0"
".\app\build\intermediates\compile_r_class_jar\debug\generateDebugRFile","generateDebugRFile","Folder"," 0"
".\app\build\intermediates\compile_r_class_jar\debug\generateDebugRFile\R.jar","R.jar","File","3.23"
".\app\build\intermediates\compile_symbol_list\debug","debug","Folder"," 0"
".\app\build\intermediates\compile_symbol_list\debug\generateDebugRFile","generateDebugRFile","Folder"," 0"
".\app\build\intermediates\compile_symbol_list\debug\generateDebugRFile\R.txt","R.txt","File","0.61"
".\app\build\intermediates\compressed_assets\debug","debug","Folder"," 0"
".\app\build\intermediates\compressed_assets\debug\compressDebugAssets","compressDebugAssets","Folder"," 0"
".\app\build\intermediates\compressed_assets\debug\compressDebugAssets\out","out","Folder"," 0"
".\app\build\intermediates\compressed_assets\debug\compressDebugAssets\out\assets","assets","Folder"," 0"
".\app\build\intermediates\compressed_assets\debug\compressDebugAssets\out\assets\index.html.jar","index.html.jar","File","23.29"
".\app\build\intermediates\data_binding_layout_info_type_merge\debug","debug","Folder"," 0"
".\app\build\intermediates\data_binding_layout_info_type_merge\debug\mergeDebugResources","mergeDebugResources","Folder"," 0"
".\app\build\intermediates\data_binding_layout_info_type_merge\debug\mergeDebugResources\out","out","Folder"," 0"
".\app\build\intermediates\data_binding_layout_info_type_package\debug","debug","Folder"," 0"
".\app\build\intermediates\data_binding_layout_info_type_package\debug\packageDebugResources","packageDebugResources","Folder"," 0"
".\app\build\intermediates\data_binding_layout_info_type_package\debug\packageDebugResources\out","out","Folder"," 0"
".\app\build\intermediates\desugar_graph\debug","debug","Folder"," 0"
".\app\build\intermediates\desugar_graph\debug\dexBuilderDebug","dexBuilderDebug","Folder"," 0"
".\app\build\intermediates\desugar_graph\debug\dexBuilderDebug\out","out","Folder"," 0"
".\app\build\intermediates\desugar_graph\debug\dexBuilderDebug\out\currentProject","currentProject","Folder"," 0"
".\app\build\intermediates\desugar_graph\debug\dexBuilderDebug\out\externalLibs","externalLibs","Folder"," 0"
".\app\build\intermediates\desugar_graph\debug\dexBuilderDebug\out\mixedScopes","mixedScopes","Folder"," 0"
".\app\build\intermediates\desugar_graph\debug\dexBuilderDebug\out\otherProjects","otherProjects","Folder"," 0"
".\app\build\intermediates\desugar_graph\debug\dexBuilderDebug\out\currentProject\dirs_bucket_0","dirs_bucket_0","Folder"," 0"
".\app\build\intermediates\desugar_graph\debug\dexBuilderDebug\out\currentProject\dirs_bucket_1","dirs_bucket_1","Folder"," 0"
".\app\build\intermediates\desugar_graph\debug\dexBuilderDebug\out\currentProject\jar_41eed12de3798fe38023c75890da2fa829de8fd91fd116e75dd1af284c3b2eba_bucket_0","jar_41eed12de3798fe38023c75890da2fa829de8fd91fd116e75dd1af284c3b2eba_bucket_0","Folder"," 0"
".\app\build\intermediates\desugar_graph\debug\dexBuilderDebug\out\currentProject\jar_41eed12de3798fe38023c75890da2fa829de8fd91fd116e75dd1af284c3b2eba_bucket_1","jar_41eed12de3798fe38023c75890da2fa829de8fd91fd116e75dd1af284c3b2eba_bucket_1","Folder"," 0"
".\app\build\intermediates\desugar_graph\debug\dexBuilderDebug\out\currentProject\dirs_bucket_0\graph.bin","graph.bin","File","0.23"
".\app\build\intermediates\desugar_graph\debug\dexBuilderDebug\out\currentProject\dirs_bucket_1\graph.bin","graph.bin","File","0.23"
".\app\build\intermediates\desugar_graph\debug\dexBuilderDebug\out\currentProject\jar_41eed12de3798fe38023c75890da2fa829de8fd91fd116e75dd1af284c3b2eba_bucket_0\graph.bin","graph.bin","File","0.23"
".\app\build\intermediates\desugar_graph\debug\dexBuilderDebug\out\currentProject\jar_41eed12de3798fe38023c75890da2fa829de8fd91fd116e75dd1af284c3b2eba_bucket_1\graph.bin","graph.bin","File","0.23"
".\app\build\intermediates\desugar_graph\debug\dexBuilderDebug\out\externalLibs\dirs_bucket_0","dirs_bucket_0","Folder"," 0"
".\app\build\intermediates\desugar_graph\debug\dexBuilderDebug\out\externalLibs\dirs_bucket_1","dirs_bucket_1","Folder"," 0"
".\app\build\intermediates\desugar_graph\debug\dexBuilderDebug\out\externalLibs\dirs_bucket_0\graph.bin","graph.bin","File","0.23"
".\app\build\intermediates\desugar_graph\debug\dexBuilderDebug\out\externalLibs\dirs_bucket_1\graph.bin","graph.bin","File","0.23"
".\app\build\intermediates\desugar_graph\debug\dexBuilderDebug\out\mixedScopes\dirs_bucket_0","dirs_bucket_0","Folder"," 0"
".\app\build\intermediates\desugar_graph\debug\dexBuilderDebug\out\mixedScopes\dirs_bucket_1","dirs_bucket_1","Folder"," 0"
".\app\build\intermediates\desugar_graph\debug\dexBuilderDebug\out\mixedScopes\dirs_bucket_0\graph.bin","graph.bin","File","0.23"
".\app\build\intermediates\desugar_graph\debug\dexBuilderDebug\out\mixedScopes\dirs_bucket_1\graph.bin","graph.bin","File","0.23"
".\app\build\intermediates\desugar_graph\debug\dexBuilderDebug\out\otherProjects\dirs_bucket_0","dirs_bucket_0","Folder"," 0"
".\app\build\intermediates\desugar_graph\debug\dexBuilderDebug\out\otherProjects\dirs_bucket_1","dirs_bucket_1","Folder"," 0"
".\app\build\intermediates\desugar_graph\debug\dexBuilderDebug\out\otherProjects\dirs_bucket_0\graph.bin","graph.bin","File","0.23"
".\app\build\intermediates\desugar_graph\debug\dexBuilderDebug\out\otherProjects\dirs_bucket_1\graph.bin","graph.bin","File","0.23"
".\app\build\intermediates\dex\debug","debug","Folder"," 0"
".\app\build\intermediates\dex\debug\mergeExtDexDebug","mergeExtDexDebug","Folder"," 0"
".\app\build\intermediates\dex\debug\mergeLibDexDebug","mergeLibDexDebug","Folder"," 0"
".\app\build\intermediates\dex\debug\mergeProjectDexDebug","mergeProjectDexDebug","Folder"," 0"
".\app\build\intermediates\dex\debug\mergeExtDexDebug\classes.dex","classes.dex","File","17674.85"
".\app\build\intermediates\dex\debug\mergeExtDexDebug\classes2.dex","classes2.dex","File","10528.05"
".\app\build\intermediates\dex\debug\mergeExtDexDebug\classes3.dex","classes3.dex","File","2530.4"
".\app\build\intermediates\dex\debug\mergeLibDexDebug\0","0","Folder"," 0"
".\app\build\intermediates\dex\debug\mergeLibDexDebug\1","1","Folder"," 0"
".\app\build\intermediates\dex\debug\mergeLibDexDebug\10","10","Folder"," 0"
".\app\build\intermediates\dex\debug\mergeLibDexDebug\11","11","Folder"," 0"
".\app\build\intermediates\dex\debug\mergeLibDexDebug\12","12","Folder"," 0"
".\app\build\intermediates\dex\debug\mergeLibDexDebug\13","13","Folder"," 0"
".\app\build\intermediates\dex\debug\mergeLibDexDebug\14","14","Folder"," 0"
".\app\build\intermediates\dex\debug\mergeLibDexDebug\15","15","Folder"," 0"
".\app\build\intermediates\dex\debug\mergeLibDexDebug\2","2","Folder"," 0"
".\app\build\intermediates\dex\debug\mergeLibDexDebug\3","3","Folder"," 0"
".\app\build\intermediates\dex\debug\mergeLibDexDebug\4","4","Folder"," 0"
".\app\build\intermediates\dex\debug\mergeLibDexDebug\5","5","Folder"," 0"
".\app\build\intermediates\dex\debug\mergeLibDexDebug\6","6","Folder"," 0"
".\app\build\intermediates\dex\debug\mergeLibDexDebug\7","7","Folder"," 0"
".\app\build\intermediates\dex\debug\mergeLibDexDebug\8","8","Folder"," 0"
".\app\build\intermediates\dex\debug\mergeLibDexDebug\9","9","Folder"," 0"
".\app\build\intermediates\dex\debug\mergeProjectDexDebug\0","0","Folder"," 0"
".\app\build\intermediates\dex\debug\mergeProjectDexDebug\1","1","Folder"," 0"
".\app\build\intermediates\dex\debug\mergeProjectDexDebug\10","10","Folder"," 0"
".\app\build\intermediates\dex\debug\mergeProjectDexDebug\11","11","Folder"," 0"
".\app\build\intermediates\dex\debug\mergeProjectDexDebug\12","12","Folder"," 0"
".\app\build\intermediates\dex\debug\mergeProjectDexDebug\13","13","Folder"," 0"
".\app\build\intermediates\dex\debug\mergeProjectDexDebug\14","14","Folder"," 0"
".\app\build\intermediates\dex\debug\mergeProjectDexDebug\15","15","Folder"," 0"
".\app\build\intermediates\dex\debug\mergeProjectDexDebug\2","2","Folder"," 0"
".\app\build\intermediates\dex\debug\mergeProjectDexDebug\3","3","Folder"," 0"
".\app\build\intermediates\dex\debug\mergeProjectDexDebug\4","4","Folder"," 0"
".\app\build\intermediates\dex\debug\mergeProjectDexDebug\5","5","Folder"," 0"
".\app\build\intermediates\dex\debug\mergeProjectDexDebug\6","6","Folder"," 0"
".\app\build\intermediates\dex\debug\mergeProjectDexDebug\7","7","Folder"," 0"
".\app\build\intermediates\dex\debug\mergeProjectDexDebug\8","8","Folder"," 0"
".\app\build\intermediates\dex\debug\mergeProjectDexDebug\9","9","Folder"," 0"
".\app\build\intermediates\dex\debug\mergeProjectDexDebug\0\classes.dex","classes.dex","File","69.63"
".\app\build\intermediates\dex\debug\mergeProjectDexDebug\10\classes.dex","classes.dex","File","9.43"
".\app\build\intermediates\dex\debug\mergeProjectDexDebug\8\classes.dex","classes.dex","File","34.44"
".\app\build\intermediates\dex_archive_input_jar_hashes\debug","debug","Folder"," 0"
".\app\build\intermediates\dex_archive_input_jar_hashes\debug\dexBuilderDebug","dexBuilderDebug","Folder"," 0"
".\app\build\intermediates\dex_archive_input_jar_hashes\debug\dexBuilderDebug\out","out","File","0.4"
".\app\build\intermediates\dex_number_of_buckets_file\debug","debug","Folder"," 0"
".\app\build\intermediates\dex_number_of_buckets_file\debug\dexBuilderDebug","dexBuilderDebug","Folder"," 0"
".\app\build\intermediates\dex_number_of_buckets_file\debug\dexBuilderDebug\out","out","File","0"
".\app\build\intermediates\duplicate_classes_check\debug","debug","Folder"," 0"
".\app\build\intermediates\duplicate_classes_check\debug\checkDebugDuplicateClasses","checkDebugDuplicateClasses","Folder"," 0"
".\app\build\intermediates\external_file_lib_dex_archives\debug","debug","Folder"," 0"
".\app\build\intermediates\external_file_lib_dex_archives\debug\desugarDebugFileDependencies","desugarDebugFileDependencies","Folder"," 0"
".\app\build\intermediates\external_libs_dex_archive\debug","debug","Folder"," 0"
".\app\build\intermediates\external_libs_dex_archive\debug\dexBuilderDebug","dexBuilderDebug","Folder"," 0"
".\app\build\intermediates\external_libs_dex_archive\debug\dexBuilderDebug\out","out","Folder"," 0"
".\app\build\intermediates\external_libs_dex_archive_with_artifact_transforms\debug","debug","Folder"," 0"
".\app\build\intermediates\external_libs_dex_archive_with_artifact_transforms\debug\dexBuilderDebug","dexBuilderDebug","Folder"," 0"
".\app\build\intermediates\external_libs_dex_archive_with_artifact_transforms\debug\dexBuilderDebug\out","out","Folder"," 0"
".\app\build\intermediates\incremental\debug","debug","Folder"," 0"
".\app\build\intermediates\incremental\debug-mergeJavaRes","debug-mergeJavaRes","Folder"," 0"
".\app\build\intermediates\incremental\mergeDebugAssets","mergeDebugAssets","Folder"," 0"
".\app\build\intermediates\incremental\mergeDebugJniLibFolders","mergeDebugJniLibFolders","Folder"," 0"
".\app\build\intermediates\incremental\packageDebug","packageDebug","Folder"," 0"
".\app\build\intermediates\incremental\debug\mergeDebugResources","mergeDebugResources","Folder"," 0"
".\app\build\intermediates\incremental\debug\packageDebugResources","packageDebugResources","Folder"," 0"
".\app\build\intermediates\incremental\debug\mergeDebugResources\merged.dir","merged.dir","Folder"," 0"
".\app\build\intermediates\incremental\debug\mergeDebugResources\stripped.dir","stripped.dir","Folder"," 0"
".\app\build\intermediates\incremental\debug\mergeDebugResources\compile-file-map.properties","compile-file-map.properties","File","3.55"
".\app\build\intermediates\incremental\debug\mergeDebugResources\merger.xml","merger.xml","File","1170.89"
".\app\build\intermediates\incremental\debug\mergeDebugResources\merged.dir\values","values","Folder"," 0"
".\app\build\intermediates\incremental\debug\mergeDebugResources\merged.dir\values-af","values-af","Folder"," 0"
".\app\build\intermediates\incremental\debug\mergeDebugResources\merged.dir\values-am","values-am","Folder"," 0"
".\app\build\intermediates\incremental\debug\mergeDebugResources\merged.dir\values-ar","values-ar","Folder"," 0"
".\app\build\intermediates\incremental\debug\mergeDebugResources\merged.dir\values-as","values-as","Folder"," 0"
".\app\build\intermediates\incremental\debug\mergeDebugResources\merged.dir\values-az","values-az","Folder"," 0"
".\app\build\intermediates\incremental\debug\mergeDebugResources\merged.dir\values-b+sr+Latn","values-b+sr+Latn","Folder"," 0"
".\app\build\intermediates\incremental\debug\mergeDebugResources\merged.dir\values-be","values-be","Folder"," 0"
".\app\build\intermediates\incremental\debug\mergeDebugResources\merged.dir\values-bg","values-bg","Folder"," 0"
".\app\build\intermediates\incremental\debug\mergeDebugResources\merged.dir\values-bn","values-bn","Folder"," 0"
".\app\build\intermediates\incremental\debug\mergeDebugResources\merged.dir\values-bs","values-bs","Folder"," 0"
".\app\build\intermediates\incremental\debug\mergeDebugResources\merged.dir\values-ca","values-ca","Folder"," 0"
".\app\build\intermediates\incremental\debug\mergeDebugResources\merged.dir\values-cs","values-cs","Folder"," 0"
".\app\build\intermediates\incremental\debug\mergeDebugResources\merged.dir\values-da","values-da","Folder"," 0"
".\app\build\intermediates\incremental\debug\mergeDebugResources\merged.dir\values-de","values-de","Folder"," 0"
".\app\build\intermediates\incremental\debug\mergeDebugResources\merged.dir\values-el","values-el","Folder"," 0"
".\app\build\intermediates\incremental\debug\mergeDebugResources\merged.dir\values-en-rAU","values-en-rAU","Folder"," 0"
".\app\build\intermediates\incremental\debug\mergeDebugResources\merged.dir\values-en-rCA","values-en-rCA","Folder"," 0"
".\app\build\intermediates\incremental\debug\mergeDebugResources\merged.dir\values-en-rGB","values-en-rGB","Folder"," 0"
".\app\build\intermediates\incremental\debug\mergeDebugResources\merged.dir\values-en-rIN","values-en-rIN","Folder"," 0"
".\app\build\intermediates\incremental\debug\mergeDebugResources\merged.dir\values-en-rXC","values-en-rXC","Folder"," 0"
".\app\build\intermediates\incremental\debug\mergeDebugResources\merged.dir\values-es","values-es","Folder"," 0"
".\app\build\intermediates\incremental\debug\mergeDebugResources\merged.dir\values-es-rUS","values-es-rUS","Folder"," 0"
".\app\build\intermediates\incremental\debug\mergeDebugResources\merged.dir\values-et","values-et","Folder"," 0"
".\app\build\intermediates\incremental\debug\mergeDebugResources\merged.dir\values-eu","values-eu","Folder"," 0"
".\app\build\intermediates\incremental\debug\mergeDebugResources\merged.dir\values-fa","values-fa","Folder"," 0"
".\app\build\intermediates\incremental\debug\mergeDebugResources\merged.dir\values-fi","values-fi","Folder"," 0"
".\app\build\intermediates\incremental\debug\mergeDebugResources\merged.dir\values-fr","values-fr","Folder"," 0"
".\app\build\intermediates\incremental\debug\mergeDebugResources\merged.dir\values-fr-rCA","values-fr-rCA","Folder"," 0"
".\app\build\intermediates\incremental\debug\mergeDebugResources\merged.dir\values-gl","values-gl","Folder"," 0"
".\app\build\intermediates\incremental\debug\mergeDebugResources\merged.dir\values-gu","values-gu","Folder"," 0"
".\app\build\intermediates\incremental\debug\mergeDebugResources\merged.dir\values-hi","values-hi","Folder"," 0"
".\app\build\intermediates\incremental\debug\mergeDebugResources\merged.dir\values-hr","values-hr","Folder"," 0"
".\app\build\intermediates\incremental\debug\mergeDebugResources\merged.dir\values-hu","values-hu","Folder"," 0"
".\app\build\intermediates\incremental\debug\mergeDebugResources\merged.dir\values-hy","values-hy","Folder"," 0"
".\app\build\intermediates\incremental\debug\mergeDebugResources\merged.dir\values-in","values-in","Folder"," 0"
".\app\build\intermediates\incremental\debug\mergeDebugResources\merged.dir\values-is","values-is","Folder"," 0"
".\app\build\intermediates\incremental\debug\mergeDebugResources\merged.dir\values-it","values-it","Folder"," 0"
".\app\build\intermediates\incremental\debug\mergeDebugResources\merged.dir\values-iw","values-iw","Folder"," 0"
".\app\build\intermediates\incremental\debug\mergeDebugResources\merged.dir\values-ja","values-ja","Folder"," 0"
".\app\build\intermediates\incremental\debug\mergeDebugResources\merged.dir\values-ka","values-ka","Folder"," 0"
".\app\build\intermediates\incremental\debug\mergeDebugResources\merged.dir\values-kk","values-kk","Folder"," 0"
".\app\build\intermediates\incremental\debug\mergeDebugResources\merged.dir\values-km","values-km","Folder"," 0"
".\app\build\intermediates\incremental\debug\mergeDebugResources\merged.dir\values-kn","values-kn","Folder"," 0"
".\app\build\intermediates\incremental\debug\mergeDebugResources\merged.dir\values-ko","values-ko","Folder"," 0"
".\app\build\intermediates\incremental\debug\mergeDebugResources\merged.dir\values-ky","values-ky","Folder"," 0"
".\app\build\intermediates\incremental\debug\mergeDebugResources\merged.dir\values-lo","values-lo","Folder"," 0"
".\app\build\intermediates\incremental\debug\mergeDebugResources\merged.dir\values-lt","values-lt","Folder"," 0"
".\app\build\intermediates\incremental\debug\mergeDebugResources\merged.dir\values-lv","values-lv","Folder"," 0"
".\app\build\intermediates\incremental\debug\mergeDebugResources\merged.dir\values-mk","values-mk","Folder"," 0"
".\app\build\intermediates\incremental\debug\mergeDebugResources\merged.dir\values-ml","values-ml","Folder"," 0"
".\app\build\intermediates\incremental\debug\mergeDebugResources\merged.dir\values-mn","values-mn","Folder"," 0"
".\app\build\intermediates\incremental\debug\mergeDebugResources\merged.dir\values-mr","values-mr","Folder"," 0"
".\app\build\intermediates\incremental\debug\mergeDebugResources\merged.dir\values-ms","values-ms","Folder"," 0"
".\app\build\intermediates\incremental\debug\mergeDebugResources\merged.dir\values-my","values-my","Folder"," 0"
".\app\build\intermediates\incremental\debug\mergeDebugResources\merged.dir\values-nb","values-nb","Folder"," 0"
".\app\build\intermediates\incremental\debug\mergeDebugResources\merged.dir\values-ne","values-ne","Folder"," 0"
".\app\build\intermediates\incremental\debug\mergeDebugResources\merged.dir\values-nl","values-nl","Folder"," 0"
".\app\build\intermediates\incremental\debug\mergeDebugResources\merged.dir\values-or","values-or","Folder"," 0"
".\app\build\intermediates\incremental\debug\mergeDebugResources\merged.dir\values-pa","values-pa","Folder"," 0"
".\app\build\intermediates\incremental\debug\mergeDebugResources\merged.dir\values-pl","values-pl","Folder"," 0"
".\app\build\intermediates\incremental\debug\mergeDebugResources\merged.dir\values-pt","values-pt","Folder"," 0"
".\app\build\intermediates\incremental\debug\mergeDebugResources\merged.dir\values-pt-rBR","values-pt-rBR","Folder"," 0"
".\app\build\intermediates\incremental\debug\mergeDebugResources\merged.dir\values-pt-rPT","values-pt-rPT","Folder"," 0"
".\app\build\intermediates\incremental\debug\mergeDebugResources\merged.dir\values-ro","values-ro","Folder"," 0"
".\app\build\intermediates\incremental\debug\mergeDebugResources\merged.dir\values-ru","values-ru","Folder"," 0"
".\app\build\intermediates\incremental\debug\mergeDebugResources\merged.dir\values-si","values-si","Folder"," 0"
".\app\build\intermediates\incremental\debug\mergeDebugResources\merged.dir\values-sk","values-sk","Folder"," 0"
".\app\build\intermediates\incremental\debug\mergeDebugResources\merged.dir\values-sl","values-sl","Folder"," 0"
".\app\build\intermediates\incremental\debug\mergeDebugResources\merged.dir\values-sq","values-sq","Folder"," 0"
".\app\build\intermediates\incremental\debug\mergeDebugResources\merged.dir\values-sr","values-sr","Folder"," 0"
".\app\build\intermediates\incremental\debug\mergeDebugResources\merged.dir\values-sv","values-sv","Folder"," 0"
".\app\build\intermediates\incremental\debug\mergeDebugResources\merged.dir\values-sw","values-sw","Folder"," 0"
".\app\build\intermediates\incremental\debug\mergeDebugResources\merged.dir\values-ta","values-ta","Folder"," 0"
".\app\build\intermediates\incremental\debug\mergeDebugResources\merged.dir\values-te","values-te","Folder"," 0"
".\app\build\intermediates\incremental\debug\mergeDebugResources\merged.dir\values-th","values-th","Folder"," 0"
".\app\build\intermediates\incremental\debug\mergeDebugResources\merged.dir\values-tl","values-tl","Folder"," 0"
".\app\build\intermediates\incremental\debug\mergeDebugResources\merged.dir\values-tr","values-tr","Folder"," 0"
".\app\build\intermediates\incremental\debug\mergeDebugResources\merged.dir\values-uk","values-uk","Folder"," 0"
".\app\build\intermediates\incremental\debug\mergeDebugResources\merged.dir\values-ur","values-ur","Folder"," 0"
".\app\build\intermediates\incremental\debug\mergeDebugResources\merged.dir\values-uz","values-uz","Folder"," 0"
".\app\build\intermediates\incremental\debug\mergeDebugResources\merged.dir\values-v30","values-v30","Folder"," 0"
".\app\build\intermediates\incremental\debug\mergeDebugResources\merged.dir\values-vi","values-vi","Folder"," 0"
".\app\build\intermediates\incremental\debug\mergeDebugResources\merged.dir\values-zh-rCN","values-zh-rCN","Folder"," 0"
".\app\build\intermediates\incremental\debug\mergeDebugResources\merged.dir\values-zh-rHK","values-zh-rHK","Folder"," 0"
".\app\build\intermediates\incremental\debug\mergeDebugResources\merged.dir\values-zh-rTW","values-zh-rTW","Folder"," 0"
".\app\build\intermediates\incremental\debug\mergeDebugResources\merged.dir\values-zu","values-zu","Folder"," 0"
".\app\build\intermediates\incremental\debug\mergeDebugResources\merged.dir\values\values.xml","values.xml","File","23.5"
".\app\build\intermediates\incremental\debug\mergeDebugResources\merged.dir\values-af\values-af.xml","values-af.xml","File","10.77"
".\app\build\intermediates\incremental\debug\mergeDebugResources\merged.dir\values-am\values-am.xml","values-am.xml","File","12.18"
".\app\build\intermediates\incremental\debug\mergeDebugResources\merged.dir\values-ar\values-ar.xml","values-ar.xml","File","12.24"
".\app\build\intermediates\incremental\debug\mergeDebugResources\merged.dir\values-as\values-as.xml","values-as.xml","File","14.02"
".\app\build\intermediates\incremental\debug\mergeDebugResources\merged.dir\values-az\values-az.xml","values-az.xml","File","11.28"
".\app\build\intermediates\incremental\debug\mergeDebugResources\merged.dir\values-b+sr+Latn\values-b+sr+Latn.xml","values-b+sr+Latn.xml","File","10.93"
".\app\build\intermediates\incremental\debug\mergeDebugResources\merged.dir\values-be\values-be.xml","values-be.xml","File","12.83"
".\app\build\intermediates\incremental\debug\mergeDebugResources\merged.dir\values-bg\values-bg.xml","values-bg.xml","File","13.02"
".\app\build\intermediates\incremental\debug\mergeDebugResources\merged.dir\values-bn\values-bn.xml","values-bn.xml","File","14.22"
".\app\build\intermediates\incremental\debug\mergeDebugResources\merged.dir\values-bs\values-bs.xml","values-bs.xml","File","11.01"
".\app\build\intermediates\incremental\debug\mergeDebugResources\merged.dir\values-ca\values-ca.xml","values-ca.xml","File","11.16"
".\app\build\intermediates\incremental\debug\mergeDebugResources\merged.dir\values-cs\values-cs.xml","values-cs.xml","File","11.08"
".\app\build\intermediates\incremental\debug\mergeDebugResources\merged.dir\values-da\values-da.xml","values-da.xml","File","10.76"
".\app\build\intermediates\incremental\debug\mergeDebugResources\merged.dir\values-de\values-de.xml","values-de.xml","File","11.17"
".\app\build\intermediates\incremental\debug\mergeDebugResources\merged.dir\values-el\values-el.xml","values-el.xml","File","13.31"
".\app\build\intermediates\incremental\debug\mergeDebugResources\merged.dir\values-en-rAU\values-en-rAU.xml","values-en-rAU.xml","File","8.53"
".\app\build\intermediates\incremental\debug\mergeDebugResources\merged.dir\values-en-rCA\values-en-rCA.xml","values-en-rCA.xml","File","8.51"
".\app\build\intermediates\incremental\debug\mergeDebugResources\merged.dir\values-en-rGB\values-en-rGB.xml","values-en-rGB.xml","File","10.63"
".\app\build\intermediates\incremental\debug\mergeDebugResources\merged.dir\values-en-rIN\values-en-rIN.xml","values-en-rIN.xml","File","8.53"
".\app\build\intermediates\incremental\debug\mergeDebugResources\merged.dir\values-en-rXC\values-en-rXC.xml","values-en-rXC.xml","File","33.94"
".\app\build\intermediates\incremental\debug\mergeDebugResources\merged.dir\values-es\values-es.xml","values-es.xml","File","11.25"
".\app\build\intermediates\incremental\debug\mergeDebugResources\merged.dir\values-es-rUS\values-es-rUS.xml","values-es-rUS.xml","File","11.21"
".\app\build\intermediates\incremental\debug\mergeDebugResources\merged.dir\values-et\values-et.xml","values-et.xml","File","10.91"
".\app\build\intermediates\incremental\debug\mergeDebugResources\merged.dir\values-eu\values-eu.xml","values-eu.xml","File","11.13"
".\app\build\intermediates\incremental\debug\mergeDebugResources\merged.dir\values-fa\values-fa.xml","values-fa.xml","File","12.3"
".\app\build\intermediates\incremental\debug\mergeDebugResources\merged.dir\values-fi\values-fi.xml","values-fi.xml","File","11"
".\app\build\intermediates\incremental\debug\mergeDebugResources\merged.dir\values-fr\values-fr.xml","values-fr.xml","File","11.34"
".\app\build\intermediates\incremental\debug\mergeDebugResources\merged.dir\values-fr-rCA\values-fr-rCA.xml","values-fr-rCA.xml","File","11.48"
".\app\build\intermediates\incremental\debug\mergeDebugResources\merged.dir\values-gl\values-gl.xml","values-gl.xml","File","11.21"
".\app\build\intermediates\incremental\debug\mergeDebugResources\merged.dir\values-gu\values-gu.xml","values-gu.xml","File","13.82"
".\app\build\intermediates\incremental\debug\mergeDebugResources\merged.dir\values-hi\values-hi.xml","values-hi.xml","File","14.15"
".\app\build\intermediates\incremental\debug\mergeDebugResources\merged.dir\values-hr\values-hr.xml","values-hr.xml","File","10.97"
".\app\build\intermediates\incremental\debug\mergeDebugResources\merged.dir\values-hu\values-hu.xml","values-hu.xml","File","11.45"
".\app\build\intermediates\incremental\debug\mergeDebugResources\merged.dir\values-hy\values-hy.xml","values-hy.xml","File","12.8"
".\app\build\intermediates\incremental\debug\mergeDebugResources\merged.dir\values-in\values-in.xml","values-in.xml","File","10.87"
".\app\build\intermediates\incremental\debug\mergeDebugResources\merged.dir\values-is\values-is.xml","values-is.xml","File","10.88"
".\app\build\intermediates\incremental\debug\mergeDebugResources\merged.dir\values-it\values-it.xml","values-it.xml","File","11.13"
".\app\build\intermediates\incremental\debug\mergeDebugResources\merged.dir\values-iw\values-iw.xml","values-iw.xml","File","11.77"
".\app\build\intermediates\incremental\debug\mergeDebugResources\merged.dir\values-ja\values-ja.xml","values-ja.xml","File","11.7"
".\app\build\intermediates\incremental\debug\mergeDebugResources\merged.dir\values-ka\values-ka.xml","values-ka.xml","File","14.19"
".\app\build\intermediates\incremental\debug\mergeDebugResources\merged.dir\values-kk\values-kk.xml","values-kk.xml","File","12.55"
".\app\build\intermediates\incremental\debug\mergeDebugResources\merged.dir\values-km\values-km.xml","values-km.xml","File","14.55"
".\app\build\intermediates\incremental\debug\mergeDebugResources\merged.dir\values-kn\values-kn.xml","values-kn.xml","File","14.86"
".\app\build\intermediates\incremental\debug\mergeDebugResources\merged.dir\values-ko\values-ko.xml","values-ko.xml","File","11.09"
".\app\build\intermediates\incremental\debug\mergeDebugResources\merged.dir\values-ky\values-ky.xml","values-ky.xml","File","12.83"
".\app\build\intermediates\incremental\debug\mergeDebugResources\merged.dir\values-lo\values-lo.xml","values-lo.xml","File","14.06"
".\app\build\intermediates\incremental\debug\mergeDebugResources\merged.dir\values-lt\values-lt.xml","values-lt.xml","File","11.25"
".\app\build\intermediates\incremental\debug\mergeDebugResources\merged.dir\values-lv\values-lv.xml","values-lv.xml","File","11.3"
".\app\build\intermediates\incremental\debug\mergeDebugResources\merged.dir\values-mk\values-mk.xml","values-mk.xml","File","12.76"
".\app\build\intermediates\incremental\debug\mergeDebugResources\merged.dir\values-ml\values-ml.xml","values-ml.xml","File","15.48"
".\app\build\intermediates\incremental\debug\mergeDebugResources\merged.dir\values-mn\values-mn.xml","values-mn.xml","File","12.53"
".\app\build\intermediates\incremental\debug\mergeDebugResources\merged.dir\values-mr\values-mr.xml","values-mr.xml","File","13.89"
".\app\build\intermediates\incremental\debug\mergeDebugResources\merged.dir\values-ms\values-ms.xml","values-ms.xml","File","11.06"
".\app\build\intermediates\incremental\debug\mergeDebugResources\merged.dir\values-my\values-my.xml","values-my.xml","File","15.38"
".\app\build\intermediates\incremental\debug\mergeDebugResources\merged.dir\values-nb\values-nb.xml","values-nb.xml","File","10.78"
".\app\build\intermediates\incremental\debug\mergeDebugResources\merged.dir\values-ne\values-ne.xml","values-ne.xml","File","14.93"
".\app\build\intermediates\incremental\debug\mergeDebugResources\merged.dir\values-nl\values-nl.xml","values-nl.xml","File","10.98"
".\app\build\intermediates\incremental\debug\mergeDebugResources\merged.dir\values-or\values-or.xml","values-or.xml","File","14.6"
".\app\build\intermediates\incremental\debug\mergeDebugResources\merged.dir\values-pa\values-pa.xml","values-pa.xml","File","13.84"
".\app\build\intermediates\incremental\debug\mergeDebugResources\merged.dir\values-pl\values-pl.xml","values-pl.xml","File","11.07"
".\app\build\intermediates\incremental\debug\mergeDebugResources\merged.dir\values-pt\values-pt.xml","values-pt.xml","File","8.77"
".\app\build\intermediates\incremental\debug\mergeDebugResources\merged.dir\values-pt-rBR\values-pt-rBR.xml","values-pt-rBR.xml","File","10.99"
".\app\build\intermediates\incremental\debug\mergeDebugResources\merged.dir\values-pt-rPT\values-pt-rPT.xml","values-pt-rPT.xml","File","11.24"
".\app\build\intermediates\incremental\debug\mergeDebugResources\merged.dir\values-ro\values-ro.xml","values-ro.xml","File","11.14"
".\app\build\intermediates\incremental\debug\mergeDebugResources\merged.dir\values-ru\values-ru.xml","values-ru.xml","File","12.66"
".\app\build\intermediates\incremental\debug\mergeDebugResources\merged.dir\values-si\values-si.xml","values-si.xml","File","13.76"
".\app\build\intermediates\incremental\debug\mergeDebugResources\merged.dir\values-sk\values-sk.xml","values-sk.xml","File","11.07"
".\app\build\intermediates\incremental\debug\mergeDebugResources\merged.dir\values-sl\values-sl.xml","values-sl.xml","File","10.96"
".\app\build\intermediates\incremental\debug\mergeDebugResources\merged.dir\values-sq\values-sq.xml","values-sq.xml","File","11.26"
".\app\build\intermediates\incremental\debug\mergeDebugResources\merged.dir\values-sr\values-sr.xml","values-sr.xml","File","12.46"
".\app\build\intermediates\incremental\debug\mergeDebugResources\merged.dir\values-sv\values-sv.xml","values-sv.xml","File","10.97"
".\app\build\intermediates\incremental\debug\mergeDebugResources\merged.dir\values-sw\values-sw.xml","values-sw.xml","File","10.96"
".\app\build\intermediates\incremental\debug\mergeDebugResources\merged.dir\values-ta\values-ta.xml","values-ta.xml","File","15.5"
".\app\build\intermediates\incremental\debug\mergeDebugResources\merged.dir\values-te\values-te.xml","values-te.xml","File","14.87"
".\app\build\intermediates\incremental\debug\mergeDebugResources\merged.dir\values-th\values-th.xml","values-th.xml","File","13.74"
".\app\build\intermediates\incremental\debug\mergeDebugResources\merged.dir\values-tl\values-tl.xml","values-tl.xml","File","11.23"
".\app\build\intermediates\incremental\debug\mergeDebugResources\merged.dir\values-tr\values-tr.xml","values-tr.xml","File","10.97"
".\app\build\intermediates\incremental\debug\mergeDebugResources\merged.dir\values-uk\values-uk.xml","values-uk.xml","File","12.69"
".\app\build\intermediates\incremental\debug\mergeDebugResources\merged.dir\values-ur\values-ur.xml","values-ur.xml","File","12.56"
".\app\build\intermediates\incremental\debug\mergeDebugResources\merged.dir\values-uz\values-uz.xml","values-uz.xml","File","10.96"
".\app\build\intermediates\incremental\debug\mergeDebugResources\merged.dir\values-v30\values-v30.xml","values-v30.xml","File","0.13"
".\app\build\intermediates\incremental\debug\mergeDebugResources\merged.dir\values-vi\values-vi.xml","values-vi.xml","File","11.51"
".\app\build\intermediates\incremental\debug\mergeDebugResources\merged.dir\values-zh-rCN\values-zh-rCN.xml","values-zh-rCN.xml","File","10.63"
".\app\build\intermediates\incremental\debug\mergeDebugResources\merged.dir\values-zh-rHK\values-zh-rHK.xml","values-zh-rHK.xml","File","10.59"
".\app\build\intermediates\incremental\debug\mergeDebugResources\merged.dir\values-zh-rTW\values-zh-rTW.xml","values-zh-rTW.xml","File","10.64"
".\app\build\intermediates\incremental\debug\mergeDebugResources\merged.dir\values-zu\values-zu.xml","values-zu.xml","File","11.06"
".\app\build\intermediates\incremental\debug\packageDebugResources\merged.dir","merged.dir","Folder"," 0"
".\app\build\intermediates\incremental\debug\packageDebugResources\stripped.dir","stripped.dir","Folder"," 0"
".\app\build\intermediates\incremental\debug\packageDebugResources\compile-file-map.properties","compile-file-map.properties","File","3.56"
".\app\build\intermediates\incremental\debug\packageDebugResources\merger.xml","merger.xml","File","6.76"
".\app\build\intermediates\incremental\debug\packageDebugResources\merged.dir\values","values","Folder"," 0"
".\app\build\intermediates\incremental\debug\packageDebugResources\merged.dir\values\values.xml","values.xml","File","1.12"
".\app\build\intermediates\incremental\debug-mergeJavaRes\zip-cache","zip-cache","Folder"," 0"
".\app\build\intermediates\incremental\debug-mergeJavaRes\merge-state","merge-state","File","17.37"
".\app\build\intermediates\incremental\debug-mergeJavaRes\zip-cache\+LL4svsTwrTtyuXpdcRhGA==","+LL4svsTwrTtyuXpdcRhGA==","File","3.78"
".\app\build\intermediates\incremental\debug-mergeJavaRes\zip-cache\0dtos0FopLMEbTOTNmrkww==","0dtos0FopLMEbTOTNmrkww==","File","3.46"
".\app\build\intermediates\incremental\debug-mergeJavaRes\zip-cache\0MnoyEglczLtbIJQjqVPww==","0MnoyEglczLtbIJQjqVPww==","File","2.44"
".\app\build\intermediates\incremental\debug-mergeJavaRes\zip-cache\1hqrRZwcmxvVuJ_m14rEQA==","1hqrRZwcmxvVuJ_m14rEQA==","File","0.92"
".\app\build\intermediates\incremental\debug-mergeJavaRes\zip-cache\1L0BciOravKcXnwLkgIBrg==","1L0BciOravKcXnwLkgIBrg==","File","315.15"
".\app\build\intermediates\incremental\debug-mergeJavaRes\zip-cache\1VDcoMCHdCucWyMnLLlgYQ==","1VDcoMCHdCucWyMnLLlgYQ==","File","1.64"
".\app\build\intermediates\incremental\debug-mergeJavaRes\zip-cache\2kBspnBm2KQ_Rvgy415rVQ==","2kBspnBm2KQ_Rvgy415rVQ==","File","0.39"
".\app\build\intermediates\incremental\debug-mergeJavaRes\zip-cache\3t80rL5NL2aNtsEIcAuuGQ==","3t80rL5NL2aNtsEIcAuuGQ==","File","406.79"
".\app\build\intermediates\incremental\debug-mergeJavaRes\zip-cache\4f7fe17hWwbhRnefvqS4RQ==","4f7fe17hWwbhRnefvqS4RQ==","File","7.1"
".\app\build\intermediates\incremental\debug-mergeJavaRes\zip-cache\4hGzdAz6YGEgiWRvxYh87Q==","4hGzdAz6YGEgiWRvxYh87Q==","File","47.41"
".\app\build\intermediates\incremental\debug-mergeJavaRes\zip-cache\4ROVt_3vsyjZA8Va6NK7Hw==","4ROVt_3vsyjZA8Va6NK7Hw==","File","100.04"
".\app\build\intermediates\incremental\debug-mergeJavaRes\zip-cache\4V_qhkWJk_hZkUnqHzVwow==","4V_qhkWJk_hZkUnqHzVwow==","File","0.38"
".\app\build\intermediates\incremental\debug-mergeJavaRes\zip-cache\5fISudUy76FIHzxPFi7mmA==","5fISudUy76FIHzxPFi7mmA==","File","0.47"
".\app\build\intermediates\incremental\debug-mergeJavaRes\zip-cache\64dT98GpaFjMbtjtVfb+MQ==","64dT98GpaFjMbtjtVfb+MQ==","File","24.96"
".\app\build\intermediates\incremental\debug-mergeJavaRes\zip-cache\6d54xbks+pwIShhrT3tqQg==","6d54xbks+pwIShhrT3tqQg==","File","79.91"
".\app\build\intermediates\incremental\debug-mergeJavaRes\zip-cache\6EMOdNaIA3NOtATHYfIKow==","6EMOdNaIA3NOtATHYfIKow==","File","0.14"
".\app\build\intermediates\incremental\debug-mergeJavaRes\zip-cache\6G4sPS37lupTumlX+Ev7eg==","6G4sPS37lupTumlX+Ev7eg==","File","0.91"
".\app\build\intermediates\incremental\debug-mergeJavaRes\zip-cache\6NS6g6ksdSH+pGgt+yWszw==","6NS6g6ksdSH+pGgt+yWszw==","File","15.42"
".\app\build\intermediates\incremental\debug-mergeJavaRes\zip-cache\6q0N2KarXxCvvP1nooz5gg==","6q0N2KarXxCvvP1nooz5gg==","File","1.25"
".\app\build\intermediates\incremental\debug-mergeJavaRes\zip-cache\6RW96DTL3I8+aICNyh_jWA==","6RW96DTL3I8+aICNyh_jWA==","File","0.16"
".\app\build\intermediates\incremental\debug-mergeJavaRes\zip-cache\6Zheobl5rqAcBsbbd8jmuQ==","6Zheobl5rqAcBsbbd8jmuQ==","File","45.57"
".\app\build\intermediates\incremental\debug-mergeJavaRes\zip-cache\7QtkG080wnlKvng69geDUg==","7QtkG080wnlKvng69geDUg==","File","1.63"
".\app\build\intermediates\incremental\debug-mergeJavaRes\zip-cache\8wBaD8TwI0YGACM9C0kr1w==","8wBaD8TwI0YGACM9C0kr1w==","File","46.03"
".\app\build\intermediates\incremental\debug-mergeJavaRes\zip-cache\9F3Og6FTk7S49Ne3Ctitbw==","9F3Og6FTk7S49Ne3Ctitbw==","File","0.87"
".\app\build\intermediates\incremental\debug-mergeJavaRes\zip-cache\9fjUL_N7uo+AvKpo0fx99Q==","9fjUL_N7uo+AvKpo0fx99Q==","File","9.31"
".\app\build\intermediates\incremental\debug-mergeJavaRes\zip-cache\9xak4hsBfQBdvEmpKQ83xQ==","9xak4hsBfQBdvEmpKQ83xQ==","File","1.1"
".\app\build\intermediates\incremental\debug-mergeJavaRes\zip-cache\Bj8w+bPPftZ7l_6oi8SJhA==","Bj8w+bPPftZ7l_6oi8SJhA==","File","46.76"
".\app\build\intermediates\incremental\debug-mergeJavaRes\zip-cache\BKtyNkDrsDOS7Pw09rrYRw==","BKtyNkDrsDOS7Pw09rrYRw==","File","11.44"
".\app\build\intermediates\incremental\debug-mergeJavaRes\zip-cache\BlDvIPPSvPBhxJxkt_PY5A==","BlDvIPPSvPBhxJxkt_PY5A==","File","6.75"
".\app\build\intermediates\incremental\debug-mergeJavaRes\zip-cache\bNBFdv3mKYoT3_mmuAgAUQ==","bNBFdv3mKYoT3_mmuAgAUQ==","File","1.92"
".\app\build\intermediates\incremental\debug-mergeJavaRes\zip-cache\BTuOpAZPGJkJF24eOYh3Wg==","BTuOpAZPGJkJF24eOYh3Wg==","File","4.18"
".\app\build\intermediates\incremental\debug-mergeJavaRes\zip-cache\c3Oj5Ds4eAWyFAVYzQPMMg==","c3Oj5Ds4eAWyFAVYzQPMMg==","File","0.31"
".\app\build\intermediates\incremental\debug-mergeJavaRes\zip-cache\CDI6UqS3i4uIorspi3Pj8A==","CDI6UqS3i4uIorspi3Pj8A==","File","0.17"
".\app\build\intermediates\incremental\debug-mergeJavaRes\zip-cache\ChXe6_acvuZr6bU1PIThuQ==","ChXe6_acvuZr6bU1PIThuQ==","File","20.04"
".\app\build\intermediates\incremental\debug-mergeJavaRes\zip-cache\DIMlS7__v1wNfm_zv0Lydg==","DIMlS7__v1wNfm_zv0Lydg==","File","0.84"
".\app\build\intermediates\incremental\debug-mergeJavaRes\zip-cache\dOQmuKlFXrEBqtB04lrjFQ==","dOQmuKlFXrEBqtB04lrjFQ==","File","1.41"
".\app\build\intermediates\incremental\debug-mergeJavaRes\zip-cache\DTGVMmvlfMkUK4ZjdY2kBw==","DTGVMmvlfMkUK4ZjdY2kBw==","File","0.09"
".\app\build\intermediates\incremental\debug-mergeJavaRes\zip-cache\D_PX1sEMBkzMhdjZGO2nQg==","D_PX1sEMBkzMhdjZGO2nQg==","File","2.63"
".\app\build\intermediates\incremental\debug-mergeJavaRes\zip-cache\E6XcD4jMxp6AG6STPKl8XA==","E6XcD4jMxp6AG6STPKl8XA==","File","7.18"
".\app\build\intermediates\incremental\debug-mergeJavaRes\zip-cache\ENF6IG9Q_bM7X1KqdsKzug==","ENF6IG9Q_bM7X1KqdsKzug==","File","0.21"
".\app\build\intermediates\incremental\debug-mergeJavaRes\zip-cache\eoQPzj4sFtM8ODuYGANxgg==","eoQPzj4sFtM8ODuYGANxgg==","File","0.59"
".\app\build\intermediates\incremental\debug-mergeJavaRes\zip-cache\e_9mYHH_Np0Ho5jSnqspwQ==","e_9mYHH_Np0Ho5jSnqspwQ==","File","0.96"
".\app\build\intermediates\incremental\debug-mergeJavaRes\zip-cache\FJfQLwWq1_vrE_7v0jwuZw==","FJfQLwWq1_vrE_7v0jwuZw==","File","0.25"
".\app\build\intermediates\incremental\debug-mergeJavaRes\zip-cache\fJSZWOBd1eu9UPc_FUM2fw==","fJSZWOBd1eu9UPc_FUM2fw==","File","0.15"
".\app\build\intermediates\incremental\debug-mergeJavaRes\zip-cache\FMjt2nVuIlOuvdXkSiMn+Q==","FMjt2nVuIlOuvdXkSiMn+Q==","File","7.93"
".\app\build\intermediates\incremental\debug-mergeJavaRes\zip-cache\fpGa7xBy958MVC4UvFWuvQ==","fpGa7xBy958MVC4UvFWuvQ==","File","7.36"
".\app\build\intermediates\incremental\debug-mergeJavaRes\zip-cache\f_M69zC6LDcdTUNSRnLnAQ==","f_M69zC6LDcdTUNSRnLnAQ==","File","0.64"
".\app\build\intermediates\incremental\debug-mergeJavaRes\zip-cache\h0Ue1meP+haPps3DZIlIMg==","h0Ue1meP+haPps3DZIlIMg==","File","4.7"
".\app\build\intermediates\incremental\debug-mergeJavaRes\zip-cache\HRLO54M6OnY_sEay_t6uxQ==","HRLO54M6OnY_sEay_t6uxQ==","File","7.56"
".\app\build\intermediates\incremental\debug-mergeJavaRes\zip-cache\IrLytwbDdAkja+z3wRj1pw==","IrLytwbDdAkja+z3wRj1pw==","File","0"
".\app\build\intermediates\incremental\debug-mergeJavaRes\zip-cache\iUstKb7SVDwZRlefABSiRw==","iUstKb7SVDwZRlefABSiRw==","File","141.48"
".\app\build\intermediates\incremental\debug-mergeJavaRes\zip-cache\IzHKuj4KqjHpjspFMiVyOg==","IzHKuj4KqjHpjspFMiVyOg==","File","0.16"
".\app\build\intermediates\incremental\debug-mergeJavaRes\zip-cache\J0UO5xJOm72gtdiVj5YXYw==","J0UO5xJOm72gtdiVj5YXYw==","File","1.89"
".\app\build\intermediates\incremental\debug-mergeJavaRes\zip-cache\jEr68+QF2oa0brHPnymghQ==","jEr68+QF2oa0brHPnymghQ==","File","3.33"
".\app\build\intermediates\incremental\debug-mergeJavaRes\zip-cache\JgCi2Ua887KuUM3PqWkAJQ==","JgCi2Ua887KuUM3PqWkAJQ==","File","130.57"
".\app\build\intermediates\incremental\debug-mergeJavaRes\zip-cache\kPXAIM8DKnuHiMsuN48+gA==","kPXAIM8DKnuHiMsuN48+gA==","File","115.8"
".\app\build\intermediates\incremental\debug-mergeJavaRes\zip-cache\kVN+d1W9G1fKGomfoqGJCQ==","kVN+d1W9G1fKGomfoqGJCQ==","File","435.75"
".\app\build\intermediates\incremental\debug-mergeJavaRes\zip-cache\KWRqe7zwMAgOdrZUMajfyA==","KWRqe7zwMAgOdrZUMajfyA==","File","52.67"
".\app\build\intermediates\incremental\debug-mergeJavaRes\zip-cache\K_DsqckpbtoQ9l_HWJj6Xg==","K_DsqckpbtoQ9l_HWJj6Xg==","File","52.21"
".\app\build\intermediates\incremental\debug-mergeJavaRes\zip-cache\lBFCpRun3n8+HEdQEtiGWg==","lBFCpRun3n8+HEdQEtiGWg==","File","1.02"
".\app\build\intermediates\incremental\debug-mergeJavaRes\zip-cache\lDAdwLQucNhzFnxlKjS3CQ==","lDAdwLQucNhzFnxlKjS3CQ==","File","1.06"
".\app\build\intermediates\incremental\debug-mergeJavaRes\zip-cache\lFMytB6FIFY6ixxCUYylMw==","lFMytB6FIFY6ixxCUYylMw==","File","7.59"
".\app\build\intermediates\incremental\debug-mergeJavaRes\zip-cache\LrIl2fK3o7Pg5p3qA4lmjA==","LrIl2fK3o7Pg5p3qA4lmjA==","File","12.99"
".\app\build\intermediates\incremental\debug-mergeJavaRes\zip-cache\LSqcqWiHREuRCyvj+TmfeQ==","LSqcqWiHREuRCyvj+TmfeQ==","File","40.86"
".\app\build\intermediates\incremental\debug-mergeJavaRes\zip-cache\lve0LM84PEVKBhdnLtLbMg==","lve0LM84PEVKBhdnLtLbMg==","File","0.58"
".\app\build\intermediates\incremental\debug-mergeJavaRes\zip-cache\M1hSkQ765Sfo0ua3nyzc6Q==","M1hSkQ765Sfo0ua3nyzc6Q==","File","0.09"
".\app\build\intermediates\incremental\debug-mergeJavaRes\zip-cache\MbDnngcJPtMZtDqT8EyeOQ==","MbDnngcJPtMZtDqT8EyeOQ==","File","6.15"
".\app\build\intermediates\incremental\debug-mergeJavaRes\zip-cache\Mjw+u+8wE1KGwZ_XNG+Dmg==","Mjw+u+8wE1KGwZ_XNG+Dmg==","File","2.04"
".\app\build\intermediates\incremental\debug-mergeJavaRes\zip-cache\ny8_7ewdXj7_qbSRrnsiMg==","ny8_7ewdXj7_qbSRrnsiMg==","File","9.66"
".\app\build\intermediates\incremental\debug-mergeJavaRes\zip-cache\nZkVIXgKkp55lAM3cvbj8g==","nZkVIXgKkp55lAM3cvbj8g==","File","5.88"
".\app\build\intermediates\incremental\debug-mergeJavaRes\zip-cache\o0knhKvqYLT64tf_CGbF_w==","o0knhKvqYLT64tf_CGbF_w==","File","13.36"
".\app\build\intermediates\incremental\debug-mergeJavaRes\zip-cache\oKGGZu2W05GncUEh6zZDkg==","oKGGZu2W05GncUEh6zZDkg==","File","164.65"
".\app\build\intermediates\incremental\debug-mergeJavaRes\zip-cache\OzkyH1K5b2AoKiPG7EDeag==","OzkyH1K5b2AoKiPG7EDeag==","File","14.61"
".\app\build\intermediates\incremental\debug-mergeJavaRes\zip-cache\P+znTJlbWh+MZJhL_S54ZQ==","P+znTJlbWh+MZJhL_S54ZQ==","File","2.39"
".\app\build\intermediates\incremental\debug-mergeJavaRes\zip-cache\PAy52tJcEuY_bNYpbYsqaA==","PAy52tJcEuY_bNYpbYsqaA==","File","77.71"
".\app\build\intermediates\incremental\debug-mergeJavaRes\zip-cache\PSA1w7LI0AXjVZ8fnZTB4A==","PSA1w7LI0AXjVZ8fnZTB4A==","File","250.28"
".\app\build\intermediates\incremental\debug-mergeJavaRes\zip-cache\pu2ozGCl_R52OPXh3Biigg==","pu2ozGCl_R52OPXh3Biigg==","File","2.69"
".\app\build\intermediates\incremental\debug-mergeJavaRes\zip-cache\PwKL_TYY6YOGwf3w9YGHCg==","PwKL_TYY6YOGwf3w9YGHCg==","File","4.77"
".\app\build\intermediates\incremental\debug-mergeJavaRes\zip-cache\q9QylVjMY+E4Zz080p+AIw==","q9QylVjMY+E4Zz080p+AIw==","File","2.35"
".\app\build\intermediates\incremental\debug-mergeJavaRes\zip-cache\QIPOYGrGsSEthvr5wi6pxg==","QIPOYGrGsSEthvr5wi6pxg==","File","0.88"
".\app\build\intermediates\incremental\debug-mergeJavaRes\zip-cache\QJf8_n7es_SBURieuWpXkA==","QJf8_n7es_SBURieuWpXkA==","File","21.02"
".\app\build\intermediates\incremental\debug-mergeJavaRes\zip-cache\QjgArtvA0PlETCClH0VjNg==","QjgArtvA0PlETCClH0VjNg==","File","8.7"
".\app\build\intermediates\incremental\debug-mergeJavaRes\zip-cache\qNVNlK6BPv4W+5Svc4qdcA==","qNVNlK6BPv4W+5Svc4qdcA==","File","39.47"
".\app\build\intermediates\incremental\debug-mergeJavaRes\zip-cache\qOu8ZiE2GykqI1zT5GY5ag==","qOu8ZiE2GykqI1zT5GY5ag==","File","19.6"
".\app\build\intermediates\incremental\debug-mergeJavaRes\zip-cache\QP89nCUR_OguUJxx402d6A==","QP89nCUR_OguUJxx402d6A==","File","6.33"
".\app\build\intermediates\incremental\debug-mergeJavaRes\zip-cache\QTwDinPLm2tdMj82lmw9Bw==","QTwDinPLm2tdMj82lmw9Bw==","File","5.55"
".\app\build\intermediates\incremental\debug-mergeJavaRes\zip-cache\r+FLnBMTuLtzkUl41cFa6Q==","r+FLnBMTuLtzkUl41cFa6Q==","File","0.21"
".\app\build\intermediates\incremental\debug-mergeJavaRes\zip-cache\RK5q9EuPyR2NGFW_hZru_g==","RK5q9EuPyR2NGFW_hZru_g==","File","0.99"
".\app\build\intermediates\incremental\debug-mergeJavaRes\zip-cache\SQYgYQ6mjWOjdGPKVee8kg==","SQYgYQ6mjWOjdGPKVee8kg==","File","2.91"
".\app\build\intermediates\incremental\debug-mergeJavaRes\zip-cache\SYWEywCtuEuvzMHUuii1TQ==","SYWEywCtuEuvzMHUuii1TQ==","File","24.69"
".\app\build\intermediates\incremental\debug-mergeJavaRes\zip-cache\t5A9+lqLsKryUnA0ZiAIPA==","t5A9+lqLsKryUnA0ZiAIPA==","File","3.57"
".\app\build\intermediates\incremental\debug-mergeJavaRes\zip-cache\TFo_UrBBj8cbQQF0bjpoZg==","TFo_UrBBj8cbQQF0bjpoZg==","File","0.76"
".\app\build\intermediates\incremental\debug-mergeJavaRes\zip-cache\tkptFK+JnpplnJrI1ww5HQ==","tkptFK+JnpplnJrI1ww5HQ==","File","0.57"
".\app\build\intermediates\incremental\debug-mergeJavaRes\zip-cache\u6dI5Fq0hUzYUA2G43RRkw==","u6dI5Fq0hUzYUA2G43RRkw==","File","1.09"
".\app\build\intermediates\incremental\debug-mergeJavaRes\zip-cache\ui5CGrbOYlRHcoEfVpX3QQ==","ui5CGrbOYlRHcoEfVpX3QQ==","File","2.51"
".\app\build\intermediates\incremental\debug-mergeJavaRes\zip-cache\unWrY76QkZAVvntZWy0noA==","unWrY76QkZAVvntZWy0noA==","File","2.85"
".\app\build\intermediates\incremental\debug-mergeJavaRes\zip-cache\UPP7Cexv3gYnydVP7MYZYg==","UPP7Cexv3gYnydVP7MYZYg==","File","10.67"
".\app\build\intermediates\incremental\debug-mergeJavaRes\zip-cache\UPYH3WDuYowX_97tlAoQCQ==","UPYH3WDuYowX_97tlAoQCQ==","File","8.81"
".\app\build\intermediates\incremental\debug-mergeJavaRes\zip-cache\uR21Nv_s+vM5tH3HEcd4iQ==","uR21Nv_s+vM5tH3HEcd4iQ==","File","1.15"
".\app\build\intermediates\incremental\debug-mergeJavaRes\zip-cache\uYa3HlipzF9ewNT6Yj2jhw==","uYa3HlipzF9ewNT6Yj2jhw==","File","1.52"
".\app\build\intermediates\incremental\debug-mergeJavaRes\zip-cache\vTKgJCuJ8c65N1qQZSb6ww==","vTKgJCuJ8c65N1qQZSb6ww==","File","68.51"
".\app\build\intermediates\incremental\debug-mergeJavaRes\zip-cache\Vy+Zd2qjyb5cS9admY+sHA==","Vy+Zd2qjyb5cS9admY+sHA==","File","4.31"
".\app\build\intermediates\incremental\debug-mergeJavaRes\zip-cache\wCA6Krz+XISrkBYO2zXJTA==","wCA6Krz+XISrkBYO2zXJTA==","File","0.12"
".\app\build\intermediates\incremental\debug-mergeJavaRes\zip-cache\wM3PDisbNhE3U2KAFiTNpg==","wM3PDisbNhE3U2KAFiTNpg==","File","0.86"
".\app\build\intermediates\incremental\debug-mergeJavaRes\zip-cache\X09JJ59J_85YFOfCId9J0A==","X09JJ59J_85YFOfCId9J0A==","File","2.88"
".\app\build\intermediates\incremental\debug-mergeJavaRes\zip-cache\x0PitySJWDtHwEqqqTX6Cg==","x0PitySJWDtHwEqqqTX6Cg==","File","1.55"
".\app\build\intermediates\incremental\debug-mergeJavaRes\zip-cache\x1XjeUxNVBzWH23117H2Xg==","x1XjeUxNVBzWH23117H2Xg==","File","3.86"
".\app\build\intermediates\incremental\debug-mergeJavaRes\zip-cache\xM4PcHkJmaUN8PgtvEWluw==","xM4PcHkJmaUN8PgtvEWluw==","File","3.47"
".\app\build\intermediates\incremental\debug-mergeJavaRes\zip-cache\xmfXoJEvz0PLoDk6EzjyoQ==","xmfXoJEvz0PLoDk6EzjyoQ==","File","2.93"
".\app\build\intermediates\incremental\debug-mergeJavaRes\zip-cache\xrIFULr5bO7UQmsDqImh2Q==","xrIFULr5bO7UQmsDqImh2Q==","File","1.22"
".\app\build\intermediates\incremental\debug-mergeJavaRes\zip-cache\xvOspbL2G_Eoom6qgb1MQw==","xvOspbL2G_Eoom6qgb1MQw==","File","11.66"
".\app\build\intermediates\incremental\debug-mergeJavaRes\zip-cache\XXx8HWAon8Gy9B+UnPId_w==","XXx8HWAon8Gy9B+UnPId_w==","File","2.13"
".\app\build\intermediates\incremental\debug-mergeJavaRes\zip-cache\xzLQ9Ptg9uuKXJMRnOTx9w==","xzLQ9Ptg9uuKXJMRnOTx9w==","File","2.95"
".\app\build\intermediates\incremental\debug-mergeJavaRes\zip-cache\xZv5J8zkFbE4VnonnDpUDg==","xZv5J8zkFbE4VnonnDpUDg==","File","7.66"
".\app\build\intermediates\incremental\debug-mergeJavaRes\zip-cache\YCQwmSrsvf66NhsZycyThg==","YCQwmSrsvf66NhsZycyThg==","File","138.02"
".\app\build\intermediates\incremental\debug-mergeJavaRes\zip-cache\ytWCRQWDQ+DYA4ay8I+HMA==","ytWCRQWDQ+DYA4ay8I+HMA==","File","2.48"
".\app\build\intermediates\incremental\debug-mergeJavaRes\zip-cache\YVZsXyCct9zq6tUj9RpR3Q==","YVZsXyCct9zq6tUj9RpR3Q==","File","1.31"
".\app\build\intermediates\incremental\debug-mergeJavaRes\zip-cache\Z3PaGVI283V5buXq7eGxFQ==","Z3PaGVI283V5buXq7eGxFQ==","File","8.07"
".\app\build\intermediates\incremental\debug-mergeJavaRes\zip-cache\ZJp39cvYKUlpYWoOeezROQ==","ZJp39cvYKUlpYWoOeezROQ==","File","6.58"
".\app\build\intermediates\incremental\debug-mergeJavaRes\zip-cache\ZobgnOMHxEtupWbzlBlhZg==","ZobgnOMHxEtupWbzlBlhZg==","File","2.08"
".\app\build\intermediates\incremental\mergeDebugAssets\merger.xml","merger.xml","File","0.62"
".\app\build\intermediates\incremental\mergeDebugJniLibFolders\merger.xml","merger.xml","File","0.49"
".\app\build\intermediates\incremental\packageDebug\tmp","tmp","Folder"," 0"
".\app\build\intermediates\incremental\packageDebug\tmp\debug","debug","Folder"," 0"
".\app\build\intermediates\incremental\packageDebug\tmp\debug\zip-cache","zip-cache","Folder"," 0"
".\app\build\intermediates\incremental\packageDebug\tmp\debug\dex-renamer-state.txt","dex-renamer-state.txt","File","1.12"
".\app\build\intermediates\incremental\packageDebug\tmp\debug\zip-cache\androidResources","androidResources","File","15.25"
".\app\build\intermediates\incremental\packageDebug\tmp\debug\zip-cache\javaResources0","javaResources0","File","13.82"
".\app\build\intermediates\javac\debug","debug","Folder"," 0"
".\app\build\intermediates\javac\debug\compileDebugJavaWithJavac","compileDebugJavaWithJavac","Folder"," 0"
".\app\build\intermediates\javac\debug\compileDebugJavaWithJavac\classes","classes","Folder"," 0"
".\app\build\intermediates\javac\debug\compileDebugJavaWithJavac\classes\com","com","Folder"," 0"
".\app\build\intermediates\javac\debug\compileDebugJavaWithJavac\classes\com\example","example","Folder"," 0"
".\app\build\intermediates\javac\debug\compileDebugJavaWithJavac\classes\com\example\BuildConfig.class","BuildConfig.class","File","0.72"
".\app\build\intermediates\java_res\debug","debug","Folder"," 0"
".\app\build\intermediates\java_res\debug\processDebugJavaRes","processDebugJavaRes","Folder"," 0"
".\app\build\intermediates\java_res\debug\processDebugJavaRes\out","out","Folder"," 0"
".\app\build\intermediates\java_res\debug\processDebugJavaRes\out\com","com","Folder"," 0"
".\app\build\intermediates\java_res\debug\processDebugJavaRes\out\META-INF","META-INF","Folder"," 0"
".\app\build\intermediates\java_res\debug\processDebugJavaRes\out\com\example","example","Folder"," 0"
".\app\build\intermediates\java_res\debug\processDebugJavaRes\out\com\example\ui","ui","Folder"," 0"
".\app\build\intermediates\java_res\debug\processDebugJavaRes\out\com\example\ui\theme","theme","Folder"," 0"
".\app\build\intermediates\java_res\debug\processDebugJavaRes\out\META-INF\app.kotlin_module","app.kotlin_module","File","0.07"
".\app\build\intermediates\linked_resources_binary_format\debug","debug","Folder"," 0"
".\app\build\intermediates\linked_resources_binary_format\debug\processDebugResources","processDebugResources","Folder"," 0"
".\app\build\intermediates\linked_resources_binary_format\debug\processDebugResources\linked-resources-binary-format-debug.ap_","linked-resources-binary-format-debug.ap_","File","655.43"
".\app\build\intermediates\linked_resources_binary_format\debug\processDebugResources\output-metadata.json","output-metadata.json","File","0.43"
".\app\build\intermediates\local_only_symbol_list\debug","debug","Folder"," 0"
".\app\build\intermediates\local_only_symbol_list\debug\parseDebugLocalResources","parseDebugLocalResources","Folder"," 0"
".\app\build\intermediates\local_only_symbol_list\debug\parseDebugLocalResources\R-def.txt","R-def.txt","File","0.5"
".\app\build\intermediates\manifest_merge_blame_file\debug","debug","Folder"," 0"
".\app\build\intermediates\manifest_merge_blame_file\debug\processDebugMainManifest","processDebugMainManifest","Folder"," 0"
".\app\build\intermediates\manifest_merge_blame_file\debug\processDebugMainManifest\manifest-merger-blame-debug-report.txt","manifest-merger-blame-debug-report.txt","File","35.45"
".\app\build\intermediates\merged_java_res\debug","debug","Folder"," 0"
".\app\build\intermediates\merged_java_res\debug\mergeDebugJavaResource","mergeDebugJavaResource","Folder"," 0"
".\app\build\intermediates\merged_java_res\debug\mergeDebugJavaResource\base.jar","base.jar","File","77.26"
".\app\build\intermediates\merged_jni_libs\debug","debug","Folder"," 0"
".\app\build\intermediates\merged_jni_libs\debug\mergeDebugJniLibFolders","mergeDebugJniLibFolders","Folder"," 0"
".\app\build\intermediates\merged_jni_libs\debug\mergeDebugJniLibFolders\out","out","Folder"," 0"
".\app\build\intermediates\merged_manifest\debug","debug","Folder"," 0"
".\app\build\intermediates\merged_manifest\debug\processDebugMainManifest","processDebugMainManifest","Folder"," 0"
".\app\build\intermediates\merged_manifest\debug\processDebugMainManifest\AndroidManifest.xml","AndroidManifest.xml","File","8.41"
".\app\build\intermediates\merged_manifests\debug","debug","Folder"," 0"
".\app\build\intermediates\merged_manifests\debug\processDebugManifest","processDebugManifest","Folder"," 0"
".\app\build\intermediates\merged_manifests\debug\processDebugManifest\AndroidManifest.xml","AndroidManifest.xml","File","8.41"
".\app\build\intermediates\merged_manifests\debug\processDebugManifest\output-metadata.json","output-metadata.json","File","0.4"
".\app\build\intermediates\merged_native_libs\debug","debug","Folder"," 0"
".\app\build\intermediates\merged_native_libs\debug\mergeDebugNativeLibs","mergeDebugNativeLibs","Folder"," 0"
".\app\build\intermediates\merged_native_libs\debug\mergeDebugNativeLibs\out","out","Folder"," 0"
".\app\build\intermediates\merged_native_libs\debug\mergeDebugNativeLibs\out\lib","lib","Folder"," 0"
".\app\build\intermediates\merged_native_libs\debug\mergeDebugNativeLibs\out\lib\arm64-v8a","arm64-v8a","Folder"," 0"
".\app\build\intermediates\merged_native_libs\debug\mergeDebugNativeLibs\out\lib\armeabi-v7a","armeabi-v7a","Folder"," 0"
".\app\build\intermediates\merged_native_libs\debug\mergeDebugNativeLibs\out\lib\x86","x86","Folder"," 0"
".\app\build\intermediates\merged_native_libs\debug\mergeDebugNativeLibs\out\lib\x86_64","x86_64","Folder"," 0"
".\app\build\intermediates\merged_native_libs\debug\mergeDebugNativeLibs\out\lib\arm64-v8a\libandroidx.graphics.path.so","libandroidx.graphics.path.so","File","9.86"
".\app\build\intermediates\merged_native_libs\debug\mergeDebugNativeLibs\out\lib\arm64-v8a\libdatastore_shared_counter.so","libdatastore_shared_counter.so","File","6.95"
".\app\build\intermediates\merged_native_libs\debug\mergeDebugNativeLibs\out\lib\armeabi-v7a\libandroidx.graphics.path.so","libandroidx.graphics.path.so","File","7.08"
".\app\build\intermediates\merged_native_libs\debug\mergeDebugNativeLibs\out\lib\armeabi-v7a\libdatastore_shared_counter.so","libdatastore_shared_counter.so","File","4.31"
".\app\build\intermediates\merged_native_libs\debug\mergeDebugNativeLibs\out\lib\x86\libandroidx.graphics.path.so","libandroidx.graphics.path.so","File","9.07"
".\app\build\intermediates\merged_native_libs\debug\mergeDebugNativeLibs\out\lib\x86\libdatastore_shared_counter.so","libdatastore_shared_counter.so","File","5.03"
".\app\build\intermediates\merged_native_libs\debug\mergeDebugNativeLibs\out\lib\x86_64\libandroidx.graphics.path.so","libandroidx.graphics.path.so","File","10.51"
".\app\build\intermediates\merged_native_libs\debug\mergeDebugNativeLibs\out\lib\x86_64\libdatastore_shared_counter.so","libdatastore_shared_counter.so","File","6.08"
".\app\build\intermediates\merged_res\debug","debug","Folder"," 0"
".\app\build\intermediates\merged_res\debug\mergeDebugResources","mergeDebugResources","Folder"," 0"
".\app\build\intermediates\merged_res\debug\mergeDebugResources\drawable_ic_launcher_background.xml.flat","drawable_ic_launcher_background.xml.flat","File","2.79"
".\app\build\intermediates\merged_res\debug\mergeDebugResources\drawable_ic_launcher_foreground.xml.flat","drawable_ic_launcher_foreground.xml.flat","File","2.21"
".\app\build\intermediates\merged_res\debug\mergeDebugResources\mipmap-anydpi-v26_ic_launcher.xml.flat","mipmap-anydpi-v26_ic_launcher.xml.flat","File","0.55"
".\app\build\intermediates\merged_res\debug\mergeDebugResources\mipmap-anydpi-v26_ic_launcher_round.xml.flat","mipmap-anydpi-v26_ic_launcher_round.xml.flat","File","0.57"
".\app\build\intermediates\merged_res\debug\mergeDebugResources\mipmap-hdpi_ic_launcher.webp.flat","mipmap-hdpi_ic_launcher.webp.flat","File","2.16"
".\app\build\intermediates\merged_res\debug\mergeDebugResources\mipmap-hdpi_ic_launcher_round.webp.flat","mipmap-hdpi_ic_launcher_round.webp.flat","File","4.34"
".\app\build\intermediates\merged_res\debug\mergeDebugResources\mipmap-mdpi_ic_launcher.webp.flat","mipmap-mdpi_ic_launcher.webp.flat","File","1.57"
".\app\build\intermediates\merged_res\debug\mergeDebugResources\mipmap-mdpi_ic_launcher_round.webp.flat","mipmap-mdpi_ic_launcher_round.webp.flat","File","2.7"
".\app\build\intermediates\merged_res\debug\mergeDebugResources\mipmap-xhdpi_ic_launcher.webp.flat","mipmap-xhdpi_ic_launcher.webp.flat","File","2.91"
".\app\build\intermediates\merged_res\debug\mergeDebugResources\mipmap-xhdpi_ic_launcher_round.webp.flat","mipmap-xhdpi_ic_launcher_round.webp.flat","File","5.93"
".\app\build\intermediates\merged_res\debug\mergeDebugResources\mipmap-xxhdpi_ic_launcher.webp.flat","mipmap-xxhdpi_ic_launcher.webp.flat","File","4.38"
".\app\build\intermediates\merged_res\debug\mergeDebugResources\mipmap-xxhdpi_ic_launcher_round.webp.flat","mipmap-xxhdpi_ic_launcher_round.webp.flat","File","8.81"
".\app\build\intermediates\merged_res\debug\mergeDebugResources\mipmap-xxxhdpi_ic_launcher.webp.flat","mipmap-xxxhdpi_ic_launcher.webp.flat","File","5.73"
".\app\build\intermediates\merged_res\debug\mergeDebugResources\mipmap-xxxhdpi_ic_launcher_round.webp.flat","mipmap-xxxhdpi_ic_launcher_round.webp.flat","File","11.57"
".\app\build\intermediates\merged_res\debug\mergeDebugResources\values-af_values-af.arsc.flat","values-af_values-af.arsc.flat","File","7.92"
".\app\build\intermediates\merged_res\debug\mergeDebugResources\values-am_values-am.arsc.flat","values-am_values-am.arsc.flat","File","9.36"
".\app\build\intermediates\merged_res\debug\mergeDebugResources\values-ar_values-ar.arsc.flat","values-ar_values-ar.arsc.flat","File","9.4"
".\app\build\intermediates\merged_res\debug\mergeDebugResources\values-as_values-as.arsc.flat","values-as_values-as.arsc.flat","File","11.23"
".\app\build\intermediates\merged_res\debug\mergeDebugResources\values-az_values-az.arsc.flat","values-az_values-az.arsc.flat","File","8.44"
".\app\build\intermediates\merged_res\debug\mergeDebugResources\values-b+sr+Latn_values-b+sr+Latn.arsc.flat","values-b+sr+Latn_values-b+sr+Latn.arsc.flat","File","8.6"
".\app\build\intermediates\merged_res\debug\mergeDebugResources\values-be_values-be.arsc.flat","values-be_values-be.arsc.flat","File","10.02"
".\app\build\intermediates\merged_res\debug\mergeDebugResources\values-bg_values-bg.arsc.flat","values-bg_values-bg.arsc.flat","File","10.21"
".\app\build\intermediates\merged_res\debug\mergeDebugResources\values-bn_values-bn.arsc.flat","values-bn_values-bn.arsc.flat","File","11.45"
".\app\build\intermediates\merged_res\debug\mergeDebugResources\values-bs_values-bs.arsc.flat","values-bs_values-bs.arsc.flat","File","8.17"
".\app\build\intermediates\merged_res\debug\mergeDebugResources\values-ca_values-ca.arsc.flat","values-ca_values-ca.arsc.flat","File","8.29"
".\app\build\intermediates\merged_res\debug\mergeDebugResources\values-cs_values-cs.arsc.flat","values-cs_values-cs.arsc.flat","File","8.23"
".\app\build\intermediates\merged_res\debug\mergeDebugResources\values-da_values-da.arsc.flat","values-da_values-da.arsc.flat","File","7.92"
".\app\build\intermediates\merged_res\debug\mergeDebugResources\values-de_values-de.arsc.flat","values-de_values-de.arsc.flat","File","8.33"
".\app\build\intermediates\merged_res\debug\mergeDebugResources\values-el_values-el.arsc.flat","values-el_values-el.arsc.flat","File","10.52"
".\app\build\intermediates\merged_res\debug\mergeDebugResources\values-en-rAU_values-en-rAU.arsc.flat","values-en-rAU_values-en-rAU.arsc.flat","File","6.18"
".\app\build\intermediates\merged_res\debug\mergeDebugResources\values-en-rCA_values-en-rCA.arsc.flat","values-en-rCA_values-en-rCA.arsc.flat","File","6.17"
".\app\build\intermediates\merged_res\debug\mergeDebugResources\values-en-rGB_values-en-rGB.arsc.flat","values-en-rGB_values-en-rGB.arsc.flat","File","8.09"
".\app\build\intermediates\merged_res\debug\mergeDebugResources\values-en-rIN_values-en-rIN.arsc.flat","values-en-rIN_values-en-rIN.arsc.flat","File","6.18"
".\app\build\intermediates\merged_res\debug\mergeDebugResources\values-en-rXC_values-en-rXC.arsc.flat","values-en-rXC_values-en-rXC.arsc.flat","File","32.1"
".\app\build\intermediates\merged_res\debug\mergeDebugResources\values-es-rUS_values-es-rUS.arsc.flat","values-es-rUS_values-es-rUS.arsc.flat","File","8.68"
".\app\build\intermediates\merged_res\debug\mergeDebugResources\values-es_values-es.arsc.flat","values-es_values-es.arsc.flat","File","8.41"
".\app\build\intermediates\merged_res\debug\mergeDebugResources\values-et_values-et.arsc.flat","values-et_values-et.arsc.flat","File","8.07"
".\app\build\intermediates\merged_res\debug\mergeDebugResources\values-eu_values-eu.arsc.flat","values-eu_values-eu.arsc.flat","File","8.29"
".\app\build\intermediates\merged_res\debug\mergeDebugResources\values-fa_values-fa.arsc.flat","values-fa_values-fa.arsc.flat","File","9.48"
".\app\build\intermediates\merged_res\debug\mergeDebugResources\values-fi_values-fi.arsc.flat","values-fi_values-fi.arsc.flat","File","8.15"
".\app\build\intermediates\merged_res\debug\mergeDebugResources\values-fr-rCA_values-fr-rCA.arsc.flat","values-fr-rCA_values-fr-rCA.arsc.flat","File","8.93"
".\app\build\intermediates\merged_res\debug\mergeDebugResources\values-fr_values-fr.arsc.flat","values-fr_values-fr.arsc.flat","File","8.48"
".\app\build\intermediates\merged_res\debug\mergeDebugResources\values-gl_values-gl.arsc.flat","values-gl_values-gl.arsc.flat","File","8.37"
".\app\build\intermediates\merged_res\debug\mergeDebugResources\values-gu_values-gu.arsc.flat","values-gu_values-gu.arsc.flat","File","11.04"
".\app\build\intermediates\merged_res\debug\mergeDebugResources\values-hi_values-hi.arsc.flat","values-hi_values-hi.arsc.flat","File","11.38"
".\app\build\intermediates\merged_res\debug\mergeDebugResources\values-hr_values-hr.arsc.flat","values-hr_values-hr.arsc.flat","File","8.12"
".\app\build\intermediates\merged_res\debug\mergeDebugResources\values-hu_values-hu.arsc.flat","values-hu_values-hu.arsc.flat","File","8.61"
".\app\build\intermediates\merged_res\debug\mergeDebugResources\values-hy_values-hy.arsc.flat","values-hy_values-hy.arsc.flat","File","10"
".\app\build\intermediates\merged_res\debug\mergeDebugResources\values-in_values-in.arsc.flat","values-in_values-in.arsc.flat","File","8.03"
".\app\build\intermediates\merged_res\debug\mergeDebugResources\values-is_values-is.arsc.flat","values-is_values-is.arsc.flat","File","8.04"
".\app\build\intermediates\merged_res\debug\mergeDebugResources\values-it_values-it.arsc.flat","values-it_values-it.arsc.flat","File","8.28"
".\app\build\intermediates\merged_res\debug\mergeDebugResources\values-iw_values-iw.arsc.flat","values-iw_values-iw.arsc.flat","File","8.93"
".\app\build\intermediates\merged_res\debug\mergeDebugResources\values-ja_values-ja.arsc.flat","values-ja_values-ja.arsc.flat","File","8.88"
".\app\build\intermediates\merged_res\debug\mergeDebugResources\values-ka_values-ka.arsc.flat","values-ka_values-ka.arsc.flat","File","11.4"
".\app\build\intermediates\merged_res\debug\mergeDebugResources\values-kk_values-kk.arsc.flat","values-kk_values-kk.arsc.flat","File","9.74"
".\app\build\intermediates\merged_res\debug\mergeDebugResources\values-km_values-km.arsc.flat","values-km_values-km.arsc.flat","File","11.77"
".\app\build\intermediates\merged_res\debug\mergeDebugResources\values-kn_values-kn.arsc.flat","values-kn_values-kn.arsc.flat","File","12.1"
".\app\build\intermediates\merged_res\debug\mergeDebugResources\values-ko_values-ko.arsc.flat","values-ko_values-ko.arsc.flat","File","8.25"
".\app\build\intermediates\merged_res\debug\mergeDebugResources\values-ky_values-ky.arsc.flat","values-ky_values-ky.arsc.flat","File","10.02"
".\app\build\intermediates\merged_res\debug\mergeDebugResources\values-lo_values-lo.arsc.flat","values-lo_values-lo.arsc.flat","File","11.27"
".\app\build\intermediates\merged_res\debug\mergeDebugResources\values-lt_values-lt.arsc.flat","values-lt_values-lt.arsc.flat","File","8.41"
".\app\build\intermediates\merged_res\debug\mergeDebugResources\values-lv_values-lv.arsc.flat","values-lv_values-lv.arsc.flat","File","8.46"
".\app\build\intermediates\merged_res\debug\mergeDebugResources\values-mk_values-mk.arsc.flat","values-mk_values-mk.arsc.flat","File","9.95"
".\app\build\intermediates\merged_res\debug\mergeDebugResources\values-ml_values-ml.arsc.flat","values-ml_values-ml.arsc.flat","File","12.71"
".\app\build\intermediates\merged_res\debug\mergeDebugResources\values-mn_values-mn.arsc.flat","values-mn_values-mn.arsc.flat","File","9.71"
".\app\build\intermediates\merged_res\debug\mergeDebugResources\values-mr_values-mr.arsc.flat","values-mr_values-mr.arsc.flat","File","11.1"
".\app\build\intermediates\merged_res\debug\mergeDebugResources\values-ms_values-ms.arsc.flat","values-ms_values-ms.arsc.flat","File","8.22"
".\app\build\intermediates\merged_res\debug\mergeDebugResources\values-my_values-my.arsc.flat","values-my_values-my.arsc.flat","File","12.62"
".\app\build\intermediates\merged_res\debug\mergeDebugResources\values-nb_values-nb.arsc.flat","values-nb_values-nb.arsc.flat","File","7.93"
".\app\build\intermediates\merged_res\debug\mergeDebugResources\values-ne_values-ne.arsc.flat","values-ne_values-ne.arsc.flat","File","12.18"
".\app\build\intermediates\merged_res\debug\mergeDebugResources\values-nl_values-nl.arsc.flat","values-nl_values-nl.arsc.flat","File","8.14"
".\app\build\intermediates\merged_res\debug\mergeDebugResources\values-or_values-or.arsc.flat","values-or_values-or.arsc.flat","File","11.83"
".\app\build\intermediates\merged_res\debug\mergeDebugResources\values-pa_values-pa.arsc.flat","values-pa_values-pa.arsc.flat","File","11.05"
".\app\build\intermediates\merged_res\debug\mergeDebugResources\values-pl_values-pl.arsc.flat","values-pl_values-pl.arsc.flat","File","8.23"
".\app\build\intermediates\merged_res\debug\mergeDebugResources\values-pt-rBR_values-pt-rBR.arsc.flat","values-pt-rBR_values-pt-rBR.arsc.flat","File","8.46"
".\app\build\intermediates\merged_res\debug\mergeDebugResources\values-pt-rPT_values-pt-rPT.arsc.flat","values-pt-rPT_values-pt-rPT.arsc.flat","File","8.71"
".\app\build\intermediates\merged_res\debug\mergeDebugResources\values-pt_values-pt.arsc.flat","values-pt_values-pt.arsc.flat","File","6.17"
".\app\build\intermediates\merged_res\debug\mergeDebugResources\values-ro_values-ro.arsc.flat","values-ro_values-ro.arsc.flat","File","8.29"
".\app\build\intermediates\merged_res\debug\mergeDebugResources\values-ru_values-ru.arsc.flat","values-ru_values-ru.arsc.flat","File","9.84"
".\app\build\intermediates\merged_res\debug\mergeDebugResources\values-si_values-si.arsc.flat","values-si_values-si.arsc.flat","File","10.96"
".\app\build\intermediates\merged_res\debug\mergeDebugResources\values-sk_values-sk.arsc.flat","values-sk_values-sk.arsc.flat","File","8.23"
".\app\build\intermediates\merged_res\debug\mergeDebugResources\values-sl_values-sl.arsc.flat","values-sl_values-sl.arsc.flat","File","8.11"
".\app\build\intermediates\merged_res\debug\mergeDebugResources\values-sq_values-sq.arsc.flat","values-sq_values-sq.arsc.flat","File","8.4"
".\app\build\intermediates\merged_res\debug\mergeDebugResources\values-sr_values-sr.arsc.flat","values-sr_values-sr.arsc.flat","File","9.64"
".\app\build\intermediates\merged_res\debug\mergeDebugResources\values-sv_values-sv.arsc.flat","values-sv_values-sv.arsc.flat","File","8.12"
".\app\build\intermediates\merged_res\debug\mergeDebugResources\values-sw_values-sw.arsc.flat","values-sw_values-sw.arsc.flat","File","8.11"
".\app\build\intermediates\merged_res\debug\mergeDebugResources\values-ta_values-ta.arsc.flat","values-ta_values-ta.arsc.flat","File","12.75"
".\app\build\intermediates\merged_res\debug\mergeDebugResources\values-te_values-te.arsc.flat","values-te_values-te.arsc.flat","File","12.11"
".\app\build\intermediates\merged_res\debug\mergeDebugResources\values-th_values-th.arsc.flat","values-th_values-th.arsc.flat","File","10.95"
".\app\build\intermediates\merged_res\debug\mergeDebugResources\values-tl_values-tl.arsc.flat","values-tl_values-tl.arsc.flat","File","8.39"
".\app\build\intermediates\merged_res\debug\mergeDebugResources\values-tr_values-tr.arsc.flat","values-tr_values-tr.arsc.flat","File","8.13"
".\app\build\intermediates\merged_res\debug\mergeDebugResources\values-uk_values-uk.arsc.flat","values-uk_values-uk.arsc.flat","File","9.88"
".\app\build\intermediates\merged_res\debug\mergeDebugResources\values-ur_values-ur.arsc.flat","values-ur_values-ur.arsc.flat","File","9.75"
".\app\build\intermediates\merged_res\debug\mergeDebugResources\values-uz_values-uz.arsc.flat","values-uz_values-uz.arsc.flat","File","8.11"
".\app\build\intermediates\merged_res\debug\mergeDebugResources\values-v30_values-v30.arsc.flat","values-v30_values-v30.arsc.flat","File","0.25"
".\app\build\intermediates\merged_res\debug\mergeDebugResources\values-vi_values-vi.arsc.flat","values-vi_values-vi.arsc.flat","File","8.68"
".\app\build\intermediates\merged_res\debug\mergeDebugResources\values-zh-rCN_values-zh-rCN.arsc.flat","values-zh-rCN_values-zh-rCN.arsc.flat","File","8.1"
".\app\build\intermediates\merged_res\debug\mergeDebugResources\values-zh-rHK_values-zh-rHK.arsc.flat","values-zh-rHK_values-zh-rHK.arsc.flat","File","8.06"
".\app\build\intermediates\merged_res\debug\mergeDebugResources\values-zh-rTW_values-zh-rTW.arsc.flat","values-zh-rTW_values-zh-rTW.arsc.flat","File","8.1"
".\app\build\intermediates\merged_res\debug\mergeDebugResources\values-zu_values-zu.arsc.flat","values-zu_values-zu.arsc.flat","File","8.21"
".\app\build\intermediates\merged_res\debug\mergeDebugResources\values_values.arsc.flat","values_values.arsc.flat","File","23.47"
".\app\build\intermediates\merged_res\debug\mergeDebugResources\xml_backup_rules.xml.flat","xml_backup_rules.xml.flat","File","0.14"
".\app\build\intermediates\merged_res\debug\mergeDebugResources\xml_data_extraction_rules.xml.flat","xml_data_extraction_rules.xml.flat","File","0.18"
".\app\build\intermediates\merged_res_blame_folder\debug","debug","Folder"," 0"
".\app\build\intermediates\merged_res_blame_folder\debug\mergeDebugResources","mergeDebugResources","Folder"," 0"
".\app\build\intermediates\merged_res_blame_folder\debug\mergeDebugResources\out","out","Folder"," 0"
".\app\build\intermediates\merged_res_blame_folder\debug\mergeDebugResources\out\multi-v2","multi-v2","Folder"," 0"
".\app\build\intermediates\merged_res_blame_folder\debug\mergeDebugResources\out\single","single","Folder"," 0"
".\app\build\intermediates\merged_res_blame_folder\debug\mergeDebugResources\out\multi-v2\mergeDebugResources.json","mergeDebugResources.json","File","709.04"
".\app\build\intermediates\merged_res_blame_folder\debug\mergeDebugResources\out\multi-v2\values-af.json","values-af.json","File","8.18"
".\app\build\intermediates\merged_res_blame_folder\debug\mergeDebugResources\out\multi-v2\values-am.json","values-am.json","File","8.15"
".\app\build\intermediates\merged_res_blame_folder\debug\mergeDebugResources\out\multi-v2\values-ar.json","values-ar.json","File","8.18"
".\app\build\intermediates\merged_res_blame_folder\debug\mergeDebugResources\out\multi-v2\values-as.json","values-as.json","File","8.2"
".\app\build\intermediates\merged_res_blame_folder\debug\mergeDebugResources\out\multi-v2\values-az.json","values-az.json","File","8.2"
".\app\build\intermediates\merged_res_blame_folder\debug\mergeDebugResources\out\multi-v2\values-b+sr+Latn.json","values-b+sr+Latn.json","File","8.27"
".\app\build\intermediates\merged_res_blame_folder\debug\mergeDebugResources\out\multi-v2\values-be.json","values-be.json","File","8.19"
".\app\build\intermediates\merged_res_blame_folder\debug\mergeDebugResources\out\multi-v2\values-bg.json","values-bg.json","File","8.2"
".\app\build\intermediates\merged_res_blame_folder\debug\mergeDebugResources\out\multi-v2\values-bn.json","values-bn.json","File","8.2"
".\app\build\intermediates\merged_res_blame_folder\debug\mergeDebugResources\out\multi-v2\values-bs.json","values-bs.json","File","8.19"
".\app\build\intermediates\merged_res_blame_folder\debug\mergeDebugResources\out\multi-v2\values-ca.json","values-ca.json","File","8.21"
".\app\build\intermediates\merged_res_blame_folder\debug\mergeDebugResources\out\multi-v2\values-cs.json","values-cs.json","File","8.19"
".\app\build\intermediates\merged_res_blame_folder\debug\mergeDebugResources\out\multi-v2\values-da.json","values-da.json","File","8.18"
".\app\build\intermediates\merged_res_blame_folder\debug\mergeDebugResources\out\multi-v2\values-de.json","values-de.json","File","8.21"
".\app\build\intermediates\merged_res_blame_folder\debug\mergeDebugResources\out\multi-v2\values-el.json","values-el.json","File","8.22"
".\app\build\intermediates\merged_res_blame_folder\debug\mergeDebugResources\out\multi-v2\values-en-rAU.json","values-en-rAU.json","File","6.07"
".\app\build\intermediates\merged_res_blame_folder\debug\mergeDebugResources\out\multi-v2\values-en-rCA.json","values-en-rCA.json","File","6.07"
".\app\build\intermediates\merged_res_blame_folder\debug\mergeDebugResources\out\multi-v2\values-en-rGB.json","values-en-rGB.json","File","8.22"
".\app\build\intermediates\merged_res_blame_folder\debug\mergeDebugResources\out\multi-v2\values-en-rIN.json","values-en-rIN.json","File","6.07"
".\app\build\intermediates\merged_res_blame_folder\debug\mergeDebugResources\out\multi-v2\values-en-rXC.json","values-en-rXC.json","File","6.29"
".\app\build\intermediates\merged_res_blame_folder\debug\mergeDebugResources\out\multi-v2\values-es-rUS.json","values-es-rUS.json","File","8.25"
".\app\build\intermediates\merged_res_blame_folder\debug\mergeDebugResources\out\multi-v2\values-es.json","values-es.json","File","8.21"
".\app\build\intermediates\merged_res_blame_folder\debug\mergeDebugResources\out\multi-v2\values-et.json","values-et.json","File","8.2"
".\app\build\intermediates\merged_res_blame_folder\debug\mergeDebugResources\out\multi-v2\values-eu.json","values-eu.json","File","8.2"
".\app\build\intermediates\merged_res_blame_folder\debug\mergeDebugResources\out\multi-v2\values-fa.json","values-fa.json","File","8.19"
".\app\build\intermediates\merged_res_blame_folder\debug\mergeDebugResources\out\multi-v2\values-fi.json","values-fi.json","File","8.2"
".\app\build\intermediates\merged_res_blame_folder\debug\mergeDebugResources\out\multi-v2\values-fr-rCA.json","values-fr-rCA.json","File","8.27"
".\app\build\intermediates\merged_res_blame_folder\debug\mergeDebugResources\out\multi-v2\values-fr.json","values-fr.json","File","8.21"
".\app\build\intermediates\merged_res_blame_folder\debug\mergeDebugResources\out\multi-v2\values-gl.json","values-gl.json","File","8.21"
".\app\build\intermediates\merged_res_blame_folder\debug\mergeDebugResources\out\multi-v2\values-gu.json","values-gu.json","File","8.18"
".\app\build\intermediates\merged_res_blame_folder\debug\mergeDebugResources\out\multi-v2\values-hi.json","values-hi.json","File","8.19"
".\app\build\intermediates\merged_res_blame_folder\debug\mergeDebugResources\out\multi-v2\values-hr.json","values-hr.json","File","8.19"
".\app\build\intermediates\merged_res_blame_folder\debug\mergeDebugResources\out\multi-v2\values-hu.json","values-hu.json","File","8.21"
".\app\build\intermediates\merged_res_blame_folder\debug\mergeDebugResources\out\multi-v2\values-hy.json","values-hy.json","File","8.19"
".\app\build\intermediates\merged_res_blame_folder\debug\mergeDebugResources\out\multi-v2\values-in.json","values-in.json","File","8.19"
".\app\build\intermediates\merged_res_blame_folder\debug\mergeDebugResources\out\multi-v2\values-is.json","values-is.json","File","8.19"
".\app\build\intermediates\merged_res_blame_folder\debug\mergeDebugResources\out\multi-v2\values-it.json","values-it.json","File","8.2"
".\app\build\intermediates\merged_res_blame_folder\debug\mergeDebugResources\out\multi-v2\values-iw.json","values-iw.json","File","8.17"
".\app\build\intermediates\merged_res_blame_folder\debug\mergeDebugResources\out\multi-v2\values-ja.json","values-ja.json","File","8.13"
".\app\build\intermediates\merged_res_blame_folder\debug\mergeDebugResources\out\multi-v2\values-ka.json","values-ka.json","File","8.2"
".\app\build\intermediates\merged_res_blame_folder\debug\mergeDebugResources\out\multi-v2\values-kk.json","values-kk.json","File","8.2"
".\app\build\intermediates\merged_res_blame_folder\debug\mergeDebugResources\out\multi-v2\values-km.json","values-km.json","File","8.2"
".\app\build\intermediates\merged_res_blame_folder\debug\mergeDebugResources\out\multi-v2\values-kn.json","values-kn.json","File","8.21"
".\app\build\intermediates\merged_res_blame_folder\debug\mergeDebugResources\out\multi-v2\values-ko.json","values-ko.json","File","8.12"
".\app\build\intermediates\merged_res_blame_folder\debug\mergeDebugResources\out\multi-v2\values-ky.json","values-ky.json","File","8.2"
".\app\build\intermediates\merged_res_blame_folder\debug\mergeDebugResources\out\multi-v2\values-lo.json","values-lo.json","File","8.18"
".\app\build\intermediates\merged_res_blame_folder\debug\mergeDebugResources\out\multi-v2\values-lt.json","values-lt.json","File","8.2"
".\app\build\intermediates\merged_res_blame_folder\debug\mergeDebugResources\out\multi-v2\values-lv.json","values-lv.json","File","8.2"
".\app\build\intermediates\merged_res_blame_folder\debug\mergeDebugResources\out\multi-v2\values-mk.json","values-mk.json","File","8.2"
".\app\build\intermediates\merged_res_blame_folder\debug\mergeDebugResources\out\multi-v2\values-ml.json","values-ml.json","File","8.22"
".\app\build\intermediates\merged_res_blame_folder\debug\mergeDebugResources\out\multi-v2\values-mn.json","values-mn.json","File","8.19"
".\app\build\intermediates\merged_res_blame_folder\debug\mergeDebugResources\out\multi-v2\values-mr.json","values-mr.json","File","8.19"
".\app\build\intermediates\merged_res_blame_folder\debug\mergeDebugResources\out\multi-v2\values-ms.json","values-ms.json","File","8.2"
".\app\build\intermediates\merged_res_blame_folder\debug\mergeDebugResources\out\multi-v2\values-my.json","values-my.json","File","8.21"
".\app\build\intermediates\merged_res_blame_folder\debug\mergeDebugResources\out\multi-v2\values-nb.json","values-nb.json","File","8.18"
".\app\build\intermediates\merged_res_blame_folder\debug\mergeDebugResources\out\multi-v2\values-ne.json","values-ne.json","File","8.21"
".\app\build\intermediates\merged_res_blame_folder\debug\mergeDebugResources\out\multi-v2\values-nl.json","values-nl.json","File","8.19"
".\app\build\intermediates\merged_res_blame_folder\debug\mergeDebugResources\out\multi-v2\values-or.json","values-or.json","File","8.21"
".\app\build\intermediates\merged_res_blame_folder\debug\mergeDebugResources\out\multi-v2\values-pa.json","values-pa.json","File","8.19"
".\app\build\intermediates\merged_res_blame_folder\debug\mergeDebugResources\out\multi-v2\values-pl.json","values-pl.json","File","8.19"
".\app\build\intermediates\merged_res_blame_folder\debug\mergeDebugResources\out\multi-v2\values-pt-rBR.json","values-pt-rBR.json","File","8.24"
".\app\build\intermediates\merged_res_blame_folder\debug\mergeDebugResources\out\multi-v2\values-pt-rPT.json","values-pt-rPT.json","File","8.25"
".\app\build\intermediates\merged_res_blame_folder\debug\mergeDebugResources\out\multi-v2\values-pt.json","values-pt.json","File","6.04"
".\app\build\intermediates\merged_res_blame_folder\debug\mergeDebugResources\out\multi-v2\values-ro.json","values-ro.json","File","8.2"
".\app\build\intermediates\merged_res_blame_folder\debug\mergeDebugResources\out\multi-v2\values-ru.json","values-ru.json","File","8.19"
".\app\build\intermediates\merged_res_blame_folder\debug\mergeDebugResources\out\multi-v2\values-si.json","values-si.json","File","8.19"
".\app\build\intermediates\merged_res_blame_folder\debug\mergeDebugResources\out\multi-v2\values-sk.json","values-sk.json","File","8.19"
".\app\build\intermediates\merged_res_blame_folder\debug\mergeDebugResources\out\multi-v2\values-sl.json","values-sl.json","File","8.19"
".\app\build\intermediates\merged_res_blame_folder\debug\mergeDebugResources\out\multi-v2\values-sq.json","values-sq.json","File","8.2"
".\app\build\intermediates\merged_res_blame_folder\debug\mergeDebugResources\out\multi-v2\values-sr.json","values-sr.json","File","8.19"
".\app\build\intermediates\merged_res_blame_folder\debug\mergeDebugResources\out\multi-v2\values-sv.json","values-sv.json","File","8.19"
".\app\build\intermediates\merged_res_blame_folder\debug\mergeDebugResources\out\multi-v2\values-sw.json","values-sw.json","File","8.2"
".\app\build\intermediates\merged_res_blame_folder\debug\mergeDebugResources\out\multi-v2\values-ta.json","values-ta.json","File","8.22"
".\app\build\intermediates\merged_res_blame_folder\debug\mergeDebugResources\out\multi-v2\values-te.json","values-te.json","File","8.21"
".\app\build\intermediates\merged_res_blame_folder\debug\mergeDebugResources\out\multi-v2\values-th.json","values-th.json","File","8.18"
".\app\build\intermediates\merged_res_blame_folder\debug\mergeDebugResources\out\multi-v2\values-tl.json","values-tl.json","File","8.21"
".\app\build\intermediates\merged_res_blame_folder\debug\mergeDebugResources\out\multi-v2\values-tr.json","values-tr.json","File","8.18"
".\app\build\intermediates\merged_res_blame_folder\debug\mergeDebugResources\out\multi-v2\values-uk.json","values-uk.json","File","8.19"
".\app\build\intermediates\merged_res_blame_folder\debug\mergeDebugResources\out\multi-v2\values-ur.json","values-ur.json","File","8.2"
".\app\build\intermediates\merged_res_blame_folder\debug\mergeDebugResources\out\multi-v2\values-uz.json","values-uz.json","File","8.21"
".\app\build\intermediates\merged_res_blame_folder\debug\mergeDebugResources\out\multi-v2\values-v30.json","values-v30.json","File","0.66"
".\app\build\intermediates\merged_res_blame_folder\debug\mergeDebugResources\out\multi-v2\values-vi.json","values-vi.json","File","8.19"
".\app\build\intermediates\merged_res_blame_folder\debug\mergeDebugResources\out\multi-v2\values-zh-rCN.json","values-zh-rCN.json","File","8.16"
".\app\build\intermediates\merged_res_blame_folder\debug\mergeDebugResources\out\multi-v2\values-zh-rHK.json","values-zh-rHK.json","File","8.17"
".\app\build\intermediates\merged_res_blame_folder\debug\mergeDebugResources\out\multi-v2\values-zh-rTW.json","values-zh-rTW.json","File","8.16"
".\app\build\intermediates\merged_res_blame_folder\debug\mergeDebugResources\out\multi-v2\values-zu.json","values-zu.json","File","8.2"
".\app\build\intermediates\merged_res_blame_folder\debug\mergeDebugResources\out\multi-v2\values.json","values.json","File","24.66"
".\app\build\intermediates\merged_res_blame_folder\debug\mergeDebugResources\out\single\mergeDebugResources.json","mergeDebugResources.json","File","2.75"
".\app\build\intermediates\merged_test_only_native_libs\debug","debug","Folder"," 0"
".\app\build\intermediates\merged_test_only_native_libs\debug\mergeDebugNativeLibs","mergeDebugNativeLibs","Folder"," 0"
".\app\build\intermediates\merged_test_only_native_libs\debug\mergeDebugNativeLibs\out","out","Folder"," 0"
".\app\build\intermediates\mixed_scope_dex_archive\debug","debug","Folder"," 0"
".\app\build\intermediates\mixed_scope_dex_archive\debug\dexBuilderDebug","dexBuilderDebug","Folder"," 0"
".\app\build\intermediates\mixed_scope_dex_archive\debug\dexBuilderDebug\out","out","Folder"," 0"
".\app\build\intermediates\navigation_json\debug","debug","Folder"," 0"
".\app\build\intermediates\navigation_json\debug\extractDeepLinksDebug","extractDeepLinksDebug","Folder"," 0"
".\app\build\intermediates\navigation_json\debug\extractDeepLinksDebug\navigation.json","navigation.json","File","0"
".\app\build\intermediates\nested_resources_validation_report\debug","debug","Folder"," 0"
".\app\build\intermediates\nested_resources_validation_report\debug\generateDebugResources","generateDebugResources","Folder"," 0"
".\app\build\intermediates\nested_resources_validation_report\debug\generateDebugResources\nestedResourcesValidationReport.txt","nestedResourcesValidationReport.txt","File","0.01"
".\app\build\intermediates\packaged_manifests\debug","debug","Folder"," 0"
".\app\build\intermediates\packaged_manifests\debug\processDebugManifestForPackage","processDebugManifestForPackage","Folder"," 0"
".\app\build\intermediates\packaged_manifests\debug\processDebugManifestForPackage\AndroidManifest.xml","AndroidManifest.xml","File","8.41"
".\app\build\intermediates\packaged_manifests\debug\processDebugManifestForPackage\output-metadata.json","output-metadata.json","File","0.4"
".\app\build\intermediates\packaged_res\debug","debug","Folder"," 0"
".\app\build\intermediates\packaged_res\debug\packageDebugResources","packageDebugResources","Folder"," 0"
".\app\build\intermediates\packaged_res\debug\packageDebugResources\drawable","drawable","Folder"," 0"
".\app\build\intermediates\packaged_res\debug\packageDebugResources\mipmap-anydpi-v26","mipmap-anydpi-v26","Folder"," 0"
".\app\build\intermediates\packaged_res\debug\packageDebugResources\mipmap-hdpi-v4","mipmap-hdpi-v4","Folder"," 0"
".\app\build\intermediates\packaged_res\debug\packageDebugResources\mipmap-mdpi-v4","mipmap-mdpi-v4","Folder"," 0"
".\app\build\intermediates\packaged_res\debug\packageDebugResources\mipmap-xhdpi-v4","mipmap-xhdpi-v4","Folder"," 0"
".\app\build\intermediates\packaged_res\debug\packageDebugResources\mipmap-xxhdpi-v4","mipmap-xxhdpi-v4","Folder"," 0"
".\app\build\intermediates\packaged_res\debug\packageDebugResources\mipmap-xxxhdpi-v4","mipmap-xxxhdpi-v4","Folder"," 0"
".\app\build\intermediates\packaged_res\debug\packageDebugResources\values","values","Folder"," 0"
".\app\build\intermediates\packaged_res\debug\packageDebugResources\xml","xml","Folder"," 0"
".\app\build\intermediates\packaged_res\debug\packageDebugResources\drawable\ic_launcher_background.xml","ic_launcher_background.xml","File","1.47"
".\app\build\intermediates\packaged_res\debug\packageDebugResources\drawable\ic_launcher_foreground.xml","ic_launcher_foreground.xml","File","1.46"
".\app\build\intermediates\packaged_res\debug\packageDebugResources\mipmap-anydpi-v26\ic_launcher.xml","ic_launcher.xml","File","0.34"
".\app\build\intermediates\packaged_res\debug\packageDebugResources\mipmap-anydpi-v26\ic_launcher_round.xml","ic_launcher_round.xml","File","0.34"
".\app\build\intermediates\packaged_res\debug\packageDebugResources\mipmap-hdpi-v4\ic_launcher.webp","ic_launcher.webp","File","2.05"
".\app\build\intermediates\packaged_res\debug\packageDebugResources\mipmap-hdpi-v4\ic_launcher_round.webp","ic_launcher_round.webp","File","4.2"
".\app\build\intermediates\packaged_res\debug\packageDebugResources\mipmap-mdpi-v4\ic_launcher.webp","ic_launcher.webp","File","1.45"
".\app\build\intermediates\packaged_res\debug\packageDebugResources\mipmap-mdpi-v4\ic_launcher_round.webp","ic_launcher_round.webp","File","2.57"
".\app\build\intermediates\packaged_res\debug\packageDebugResources\mipmap-xhdpi-v4\ic_launcher.webp","ic_launcher.webp","File","2.79"
".\app\build\intermediates\packaged_res\debug\packageDebugResources\mipmap-xhdpi-v4\ic_launcher_round.webp","ic_launcher_round.webp","File","5.79"
".\app\build\intermediates\packaged_res\debug\packageDebugResources\mipmap-xxhdpi-v4\ic_launcher.webp","ic_launcher.webp","File","4.26"
".\app\build\intermediates\packaged_res\debug\packageDebugResources\mipmap-xxhdpi-v4\ic_launcher_round.webp","ic_launcher_round.webp","File","8.68"
".\app\build\intermediates\packaged_res\debug\packageDebugResources\mipmap-xxxhdpi-v4\ic_launcher.webp","ic_launcher.webp","File","5.61"
".\app\build\intermediates\packaged_res\debug\packageDebugResources\mipmap-xxxhdpi-v4\ic_launcher_round.webp","ic_launcher_round.webp","File","11.43"
".\app\build\intermediates\packaged_res\debug\packageDebugResources\values\values.xml","values.xml","File","1.12"
".\app\build\intermediates\packaged_res\debug\packageDebugResources\xml\backup_rules.xml","backup_rules.xml","File","0.48"
".\app\build\intermediates\packaged_res\debug\packageDebugResources\xml\data_extraction_rules.xml","data_extraction_rules.xml","File","0.56"
".\app\build\intermediates\project_dex_archive\debug","debug","Folder"," 0"
".\app\build\intermediates\project_dex_archive\debug\dexBuilderDebug","dexBuilderDebug","Folder"," 0"
".\app\build\intermediates\project_dex_archive\debug\dexBuilderDebug\out","out","Folder"," 0"
".\app\build\intermediates\project_dex_archive\debug\dexBuilderDebug\out\com","com","Folder"," 0"
".\app\build\intermediates\project_dex_archive\debug\dexBuilderDebug\out\fa9bbba12a4f3fbd69ecd377f61859c5cbcfb4696150f4f700be434a8daa09c6_0.jar","fa9bbba12a4f3fbd69ecd377f61859c5cbcfb4696150f4f700be434a8daa09c6_0.jar","File","9.99"
".\app\build\intermediates\project_dex_archive\debug\dexBuilderDebug\out\fa9bbba12a4f3fbd69ecd377f61859c5cbcfb4696150f4f700be434a8daa09c6_1.jar","fa9bbba12a4f3fbd69ecd377f61859c5cbcfb4696150f4f700be434a8daa09c6_1.jar","File","12.41"
".\app\build\intermediates\project_dex_archive\debug\dexBuilderDebug\out\com\example","example","Folder"," 0"
".\app\build\intermediates\project_dex_archive\debug\dexBuilderDebug\out\com\example\ui","ui","Folder"," 0"
".\app\build\intermediates\project_dex_archive\debug\dexBuilderDebug\out\com\example\BuildConfig.dex","BuildConfig.dex","File","1.09"
".\app\build\intermediates\project_dex_archive\debug\dexBuilderDebug\out\com\example\ComposableSingletons$MainActivityKt.dex","ComposableSingletons$MainActivityKt.dex","File","14.4"
".\app\build\intermediates\project_dex_archive\debug\dexBuilderDebug\out\com\example\MainActivity.dex","MainActivity.dex","File","21.09"
".\app\build\intermediates\project_dex_archive\debug\dexBuilderDebug\out\com\example\MyFirebaseMessagingService.dex","MyFirebaseMessagingService.dex","File","4.2"
".\app\build\intermediates\project_dex_archive\debug\dexBuilderDebug\out\com\example\ui\theme","theme","Folder"," 0"
".\app\build\intermediates\project_dex_archive\debug\dexBuilderDebug\out\com\example\ui\theme\ColorKt.dex","ColorKt.dex","File","1.73"
".\app\build\intermediates\project_dex_archive\debug\dexBuilderDebug\out\com\example\ui\theme\ThemeKt.dex","ThemeKt.dex","File","6.99"
".\app\build\intermediates\project_dex_archive\debug\dexBuilderDebug\out\com\example\ui\theme\TypeKt.dex","TypeKt.dex","File","2.82"
".\app\build\intermediates\runtime_symbol_list\debug","debug","Folder"," 0"
".\app\build\intermediates\runtime_symbol_list\debug\processDebugResources","processDebugResources","Folder"," 0"
".\app\build\intermediates\runtime_symbol_list\debug\processDebugResources\R.txt","R.txt","File","19.87"
".\app\build\intermediates\signing_config_versions\debug","debug","Folder"," 0"
".\app\build\intermediates\signing_config_versions\debug\writeDebugSigningConfigVersions","writeDebugSigningConfigVersions","Folder"," 0"
".\app\build\intermediates\signing_config_versions\debug\writeDebugSigningConfigVersions\signing-config-versions.json","signing-config-versions.json","File","0.09"
".\app\build\intermediates\stable_resource_ids_file\debug","debug","Folder"," 0"
".\app\build\intermediates\stable_resource_ids_file\debug\processDebugResources","processDebugResources","Folder"," 0"
".\app\build\intermediates\stable_resource_ids_file\debug\processDebugResources\stableIds.txt","stableIds.txt","File","30.19"
".\app\build\intermediates\stripped_native_libs\debug","debug","Folder"," 0"
".\app\build\intermediates\stripped_native_libs\debug\stripDebugDebugSymbols","stripDebugDebugSymbols","Folder"," 0"
".\app\build\intermediates\stripped_native_libs\debug\stripDebugDebugSymbols\out","out","Folder"," 0"
".\app\build\intermediates\stripped_native_libs\debug\stripDebugDebugSymbols\out\lib","lib","Folder"," 0"
".\app\build\intermediates\stripped_native_libs\debug\stripDebugDebugSymbols\out\lib\arm64-v8a","arm64-v8a","Folder"," 0"
".\app\build\intermediates\stripped_native_libs\debug\stripDebugDebugSymbols\out\lib\armeabi-v7a","armeabi-v7a","Folder"," 0"
".\app\build\intermediates\stripped_native_libs\debug\stripDebugDebugSymbols\out\lib\x86","x86","Folder"," 0"
".\app\build\intermediates\stripped_native_libs\debug\stripDebugDebugSymbols\out\lib\x86_64","x86_64","Folder"," 0"
".\app\build\intermediates\stripped_native_libs\debug\stripDebugDebugSymbols\out\lib\arm64-v8a\libandroidx.graphics.path.so","libandroidx.graphics.path.so","File","9.86"
".\app\build\intermediates\stripped_native_libs\debug\stripDebugDebugSymbols\out\lib\arm64-v8a\libdatastore_shared_counter.so","libdatastore_shared_counter.so","File","6.95"
".\app\build\intermediates\stripped_native_libs\debug\stripDebugDebugSymbols\out\lib\armeabi-v7a\libandroidx.graphics.path.so","libandroidx.graphics.path.so","File","7.08"
".\app\build\intermediates\stripped_native_libs\debug\stripDebugDebugSymbols\out\lib\armeabi-v7a\libdatastore_shared_counter.so","libdatastore_shared_counter.so","File","4.31"
".\app\build\intermediates\stripped_native_libs\debug\stripDebugDebugSymbols\out\lib\x86\libandroidx.graphics.path.so","libandroidx.graphics.path.so","File","9.07"
".\app\build\intermediates\stripped_native_libs\debug\stripDebugDebugSymbols\out\lib\x86\libdatastore_shared_counter.so","libdatastore_shared_counter.so","File","5.03"
".\app\build\intermediates\stripped_native_libs\debug\stripDebugDebugSymbols\out\lib\x86_64\libandroidx.graphics.path.so","libandroidx.graphics.path.so","File","10.51"
".\app\build\intermediates\stripped_native_libs\debug\stripDebugDebugSymbols\out\lib\x86_64\libdatastore_shared_counter.so","libdatastore_shared_counter.so","File","6.08"
".\app\build\intermediates\sub_project_dex_archive\debug","debug","Folder"," 0"
".\app\build\intermediates\sub_project_dex_archive\debug\dexBuilderDebug","dexBuilderDebug","Folder"," 0"
".\app\build\intermediates\sub_project_dex_archive\debug\dexBuilderDebug\out","out","Folder"," 0"
".\app\build\intermediates\symbol_list_with_package_name\debug","debug","Folder"," 0"
".\app\build\intermediates\symbol_list_with_package_name\debug\generateDebugRFile","generateDebugRFile","Folder"," 0"
".\app\build\intermediates\symbol_list_with_package_name\debug\generateDebugRFile\package-aware-r.txt","package-aware-r.txt","File","0.45"
".\app\build\intermediates\validate_signing_config\debug","debug","Folder"," 0"
".\app\build\intermediates\validate_signing_config\debug\validateSigningDebug","validateSigningDebug","Folder"," 0"
".\app\build\kotlin\compileDebugKotlin","compileDebugKotlin","Folder"," 0"
".\app\build\kotlin\compileDebugKotlin\cacheable","cacheable","Folder"," 0"
".\app\build\kotlin\compileDebugKotlin\classpath-snapshot","classpath-snapshot","Folder"," 0"
".\app\build\kotlin\compileDebugKotlin\local-state","local-state","Folder"," 0"
".\app\build\kspCaches\debug","debug","Folder"," 0"
".\app\build\kspCaches\debug\logs","logs","Folder"," 0"
".\app\build\kspCaches\debug\symbolLookups","symbolLookups","Folder"," 0"
".\app\build\kspCaches\debug\ap-classpath-entries.bin","ap-classpath-entries.bin","File","6.14"
".\app\build\kspCaches\debug\caches.uptodate","caches.uptodate","File","0"
".\app\build\kspCaches\debug\classpath-entries.bin","classpath-entries.bin","File","13.55"
".\app\build\kspCaches\debug\classpath-structure.bin","classpath-structure.bin","File","2747.51"
".\app\build\kspCaches\debug\sealed","sealed","File","0"
".\app\build\kspCaches\debug\sourceToOutputs","sourceToOutputs","File","0.06"
".\app\build\kspCaches\debug\symbols","symbols","File","1.21"
".\app\build\kspCaches\debug\symbolLookups\counters.tab","counters.tab","File","0"
".\app\build\kspCaches\debug\symbolLookups\file-to-id.tab","file-to-id.tab","File","4"
".\app\build\kspCaches\debug\symbolLookups\file-to-id.tab.keystream","file-to-id.tab.keystream","File","4"
".\app\build\kspCaches\debug\symbolLookups\file-to-id.tab.keystream.len","file-to-id.tab.keystream.len","File","0.01"
".\app\build\kspCaches\debug\symbolLookups\file-to-id.tab.len","file-to-id.tab.len","File","0.01"
".\app\build\kspCaches\debug\symbolLookups\file-to-id.tab.values.at","file-to-id.tab.values.at","File","0.06"
".\app\build\kspCaches\debug\symbolLookups\file-to-id.tab_i","file-to-id.tab_i","File","32"
".\app\build\kspCaches\debug\symbolLookups\file-to-id.tab_i.len","file-to-id.tab_i.len","File","0.01"
".\app\build\kspCaches\debug\symbolLookups\id-to-file.tab","id-to-file.tab","File","4"
".\app\build\kspCaches\debug\symbolLookups\id-to-file.tab.keystream","id-to-file.tab.keystream","File","4"
".\app\build\kspCaches\debug\symbolLookups\id-to-file.tab.keystream.len","id-to-file.tab.keystream.len","File","0.01"
".\app\build\kspCaches\debug\symbolLookups\id-to-file.tab.len","id-to-file.tab.len","File","0.01"
".\app\build\kspCaches\debug\symbolLookups\id-to-file.tab.values.at","id-to-file.tab.values.at","File","0.25"
".\app\build\kspCaches\debug\symbolLookups\id-to-file.tab_i","id-to-file.tab_i","File","32"
".\app\build\kspCaches\debug\symbolLookups\id-to-file.tab_i.len","id-to-file.tab_i.len","File","0.01"
".\app\build\kspCaches\debug\symbolLookups\lookups.tab","lookups.tab","File","4"
".\app\build\kspCaches\debug\symbolLookups\lookups.tab.keystream","lookups.tab.keystream","File","4"
".\app\build\kspCaches\debug\symbolLookups\lookups.tab.keystream.len","lookups.tab.keystream.len","File","0.01"
".\app\build\kspCaches\debug\symbolLookups\lookups.tab.len","lookups.tab.len","File","0.01"
".\app\build\kspCaches\debug\symbolLookups\lookups.tab.values.at","lookups.tab.values.at","File","0.59"
".\app\build\kspCaches\debug\symbolLookups\lookups.tab_i","lookups.tab_i","File","32"
".\app\build\kspCaches\debug\symbolLookups\lookups.tab_i.len","lookups.tab_i.len","File","0.01"
".\app\build\outputs\apk","apk","Folder"," 0"
".\app\build\outputs\logs","logs","Folder"," 0"
".\app\build\outputs\apk\debug","debug","Folder"," 0"
".\app\build\outputs\apk\debug\app-debug.apk","app-debug.apk","File","12750.81"
".\app\build\outputs\apk\debug\output-metadata.json","output-metadata.json","File","0.41"
".\app\build\outputs\logs\manifest-merger-debug-report.txt","manifest-merger-debug-report.txt","File","104.21"
".\app\build\tmp\compileDebugJavaWithJavac","compileDebugJavaWithJavac","Folder"," 0"
".\app\build\tmp\compileDebugJavaWithJavac\compileTransaction","compileTransaction","Folder"," 0"
".\app\build\tmp\compileDebugJavaWithJavac\previous-compilation-data.bin","previous-compilation-data.bin","File","15.98"
".\app\build\tmp\compileDebugJavaWithJavac\compileTransaction\backup-dir","backup-dir","Folder"," 0"
".\app\build\tmp\compileDebugJavaWithJavac\compileTransaction\stash-dir","stash-dir","Folder"," 0"
".\app\src\androidTest","androidTest","Folder"," 0"
".\app\src\main","main","Folder"," 0"
".\app\src\test","test","Folder"," 0"
".\app\src\androidTest\java","java","Folder"," 0"
".\app\src\androidTest\java\com","com","Folder"," 0"
".\app\src\androidTest\java\com\example","example","Folder"," 0"
".\app\src\androidTest\java\com\example\ExampleInstrumentedTest.kt","ExampleInstrumentedTest.kt","File","0.64"
".\app\src\main\assets","assets","Folder"," 0"
".\app\src\main\java","java","Folder"," 0"
".\app\src\main\res","res","Folder"," 0"
".\app\src\main\AndroidManifest.xml","AndroidManifest.xml","File","1.3"
".\app\src\main\assets\index.html","index.html","File","98.11"
".\app\src\main\java\com","com","Folder"," 0"
".\app\src\main\java\com\example","example","Folder"," 0"
".\app\src\main\java\com\example\ui","ui","Folder"," 0"
".\app\src\main\java\com\example\MainActivity.kt","MainActivity.kt","File","7.22"
".\app\src\main\java\com\example\MyFirebaseMessagingService.kt","MyFirebaseMessagingService.kt","File","2.27"
".\app\src\main\java\com\example\ui\theme","theme","Folder"," 0"
".\app\src\main\java\com\example\ui\theme\Color.kt","Color.kt","File","0.28"
".\app\src\main\java\com\example\ui\theme\Theme.kt","Theme.kt","File","1.62"
".\app\src\main\java\com\example\ui\theme\Type.kt","Type.kt","File","1.01"
".\app\src\main\res\drawable","drawable","Folder"," 0"
".\app\src\main\res\mipmap-anydpi-v26","mipmap-anydpi-v26","Folder"," 0"
".\app\src\main\res\mipmap-hdpi","mipmap-hdpi","Folder"," 0"
".\app\src\main\res\mipmap-mdpi","mipmap-mdpi","Folder"," 0"
".\app\src\main\res\mipmap-xhdpi","mipmap-xhdpi","Folder"," 0"
".\app\src\main\res\mipmap-xxhdpi","mipmap-xxhdpi","Folder"," 0"
".\app\src\main\res\mipmap-xxxhdpi","mipmap-xxxhdpi","Folder"," 0"
".\app\src\main\res\values","values","Folder"," 0"
".\app\src\main\res\xml","xml","Folder"," 0"
".\app\src\main\res\drawable\ic_launcher_background.xml","ic_launcher_background.xml","File","1.47"
".\app\src\main\res\drawable\ic_launcher_foreground.xml","ic_launcher_foreground.xml","File","1.46"
".\app\src\main\res\mipmap-anydpi-v26\ic_launcher.xml","ic_launcher.xml","File","0.34"
".\app\src\main\res\mipmap-anydpi-v26\ic_launcher_round.xml","ic_launcher_round.xml","File","0.34"
".\app\src\main\res\mipmap-hdpi\ic_launcher.webp","ic_launcher.webp","File","2.05"
".\app\src\main\res\mipmap-hdpi\ic_launcher_round.webp","ic_launcher_round.webp","File","4.2"
".\app\src\main\res\mipmap-mdpi\ic_launcher.webp","ic_launcher.webp","File","1.45"
".\app\src\main\res\mipmap-mdpi\ic_launcher_round.webp","ic_launcher_round.webp","File","2.57"
".\app\src\main\res\mipmap-xhdpi\ic_launcher.webp","ic_launcher.webp","File","2.79"
".\app\src\main\res\mipmap-xhdpi\ic_launcher_round.webp","ic_launcher_round.webp","File","5.79"
".\app\src\main\res\mipmap-xxhdpi\ic_launcher.webp","ic_launcher.webp","File","4.26"
".\app\src\main\res\mipmap-xxhdpi\ic_launcher_round.webp","ic_launcher_round.webp","File","8.68"
".\app\src\main\res\mipmap-xxxhdpi\ic_launcher.webp","ic_launcher.webp","File","5.61"
".\app\src\main\res\mipmap-xxxhdpi\ic_launcher_round.webp","ic_launcher_round.webp","File","11.43"
".\app\src\main\res\values\colors.xml","colors.xml","File","0.38"
".\app\src\main\res\values\strings.xml","strings.xml","File","0.08"
".\app\src\main\res\values\themes.xml","themes.xml","File","0.16"
".\app\src\main\res\xml\backup_rules.xml","backup_rules.xml","File","0.48"
".\app\src\main\res\xml\data_extraction_rules.xml","data_extraction_rules.xml","File","0.56"
".\app\src\test\java","java","Folder"," 0"
".\app\src\test\screenshots","screenshots","Folder"," 0"
".\app\src\test\java\com","com","Folder"," 0"
".\app\src\test\java\com\example","example","Folder"," 0"
".\app\src\test\java\com\example\ExampleUnitTest.kt","ExampleUnitTest.kt","File","0.33"
".\app\src\test\screenshots\greeting.png","greeting.png","File","2.8"
".\assets\.aistudio",".aistudio","Folder"," 0"
".\assets\.aistudio\.gitignore",".gitignore","File","0"
".\build\reports","reports","Folder"," 0"
".\build\reports\configuration-cache","configuration-cache","Folder"," 0"
".\build\reports\configuration-cache\7wg64ur98mknwlf3pn5sunbys","7wg64ur98mknwlf3pn5sunbys","Folder"," 0"
".\build\reports\configuration-cache\7wg64ur98mknwlf3pn5sunbys\b54qpyhrc6xt3a41osypewtvb","b54qpyhrc6xt3a41osypewtvb","Folder"," 0"
".\build\reports\configuration-cache\7wg64ur98mknwlf3pn5sunbys\b54qpyhrc6xt3a41osypewtvb\configuration-cache-report.html","configuration-cache-report.html","File","222.73"
".\gradle\wrapper","wrapper","Folder"," 0"
".\gradle\libs.versions.toml","libs.versions.toml","File","6.49"
".\gradle\wrapper\gradle-wrapper.jar","gradle-wrapper.jar","File","45.09"
".\gradle\wrapper\gradle-wrapper.properties","gradle-wrapper.properties","File","0.25"
".\SmartSanyo_ESP8266\SmartSanyo_ESP8266.ino","SmartSanyo_ESP8266.ino","File","3.38"
